timestamp,step,epoch,train_loss,eval_loss,learning_rate,examples_seen,examples_per_sec,no_truncation,context_only_truncated,assistant_partial_loss,assistant_complete_loss,skipped_no_labels
2026-01-13 11:54:44,10,0.0015,0.8555,,9.230769230769232e-06,320,,0,0,0,0,0
2026-01-13 11:55:44,20,0.0031,0.8479,,1.9487179487179488e-05,640,,0,0,0,0,0
2026-01-13 11:56:47,30,0.0046,0.832,,2.9743589743589744e-05,960,,0,0,0,0,0
2026-01-13 11:57:48,40,0.0062,0.8086,,4e-05,1280,,0,0,0,0,0
2026-01-13 11:58:51,50,0.0077,0.787,,5.025641025641026e-05,1600,,0,0,0,0,0
2026-01-13 11:59:54,60,0.0092,0.7953,,6.0512820512820515e-05,1920,,0,0,0,0,0
2026-01-13 12:00:59,70,0.0108,0.7799,,7.076923076923078e-05,2240,,0,0,0,0,0
2026-01-13 12:02:00,80,0.0123,0.8198,,8.102564102564103e-05,2560,,0,0,0,0,0
2026-01-13 12:03:03,90,0.0139,0.8114,,9.128205128205129e-05,2880,,0,0,0,0,0
2026-01-13 12:04:06,100,0.0154,0.8083,,0.00010153846153846153,3200,,0,0,0,0,0
2026-01-13 12:05:06,110,0.0169,0.7839,,0.0001117948717948718,3520,,0,0,0,0,0
2026-01-13 12:06:11,120,0.0185,0.8138,,0.00012205128205128207,3840,,0,0,0,0,0
2026-01-13 12:07:13,130,0.02,0.812,,0.0001323076923076923,4160,,0,0,0,0,0
2026-01-13 12:08:17,140,0.0216,0.7931,,0.00014256410256410258,4480,,0,0,0,0,0
2026-01-13 12:09:19,150,0.0231,0.7961,,0.00015282051282051282,4800,,0,0,0,0,0
2026-01-13 12:10:20,160,0.0246,0.7674,,0.0001630769230769231,5120,,0,0,0,0,0
2026-01-13 12:11:24,170,0.0262,0.7997,,0.00017333333333333334,5440,,0,0,0,0,0
2026-01-13 12:12:27,180,0.0277,0.7713,,0.00018358974358974358,5760,,0,0,0,0,0
2026-01-13 12:13:29,190,0.0292,0.7731,,0.00019384615384615385,6080,,0,0,0,0,0
2026-01-13 12:14:30,200,0.0308,0.78,,0.00019999980112937933,6400,,0,0,0,0,0
2026-01-13 12:15:31,210,0.0323,0.8104,,0.0001999975638439806,6720,,0,0,0,0,0
2026-01-13 12:16:34,220,0.0339,0.8038,,0.00019999284074070884,7040,,0,0,0,0,0
2026-01-13 12:17:36,230,0.0354,0.7936,,0.00019998563193697472,7360,,0,0,0,0,0
2026-01-13 12:18:38,240,0.0369,0.7955,,0.00019997593761198027,7680,,0,0,0,0,0
2026-01-13 12:19:40,250,0.0385,0.8311,,0.00019996375800671466,8000,,0,0,0,0,0
2026-01-13 12:20:42,260,0.04,0.7801,,0.00019994909342394804,8320,,0,0,0,0,0
2026-01-13 12:21:46,270,0.0416,0.7615,,0.00019993194422822415,8640,,0,0,0,0,0
2026-01-13 12:22:50,280,0.0431,0.8024,,0.00019991231084585113,8960,,0,0,0,0,0
2026-01-13 12:23:51,290,0.0446,0.7835,,0.00019989019376489097,9280,,0,0,0,0,0
2026-01-13 12:24:54,300,0.0462,0.7968,,0.00019986559353514746,9600,,0,0,0,0,0
2026-01-13 12:25:55,310,0.0477,0.815,,0.00019983851076815242,9920,,0,0,0,0,0
2026-01-13 12:26:57,320,0.0493,0.7946,,0.00019980894613715042,10240,,0,0,0,0,0
2026-01-13 12:27:59,330,0.0508,0.7761,,0.00019977690037708233,10560,,0,0,0,0,0
2026-01-13 12:29:01,340,0.0523,0.7829,,0.00019974237428456676,10880,,0,0,0,0,0
2026-01-13 12:30:04,350,0.0539,0.7921,,0.00019970536871788045,11200,,0,0,0,0,0
2026-01-13 12:31:07,360,0.0554,0.7995,,0.0001996658845969367,11520,,0,0,0,0,0
2026-01-13 12:32:07,370,0.057,0.8017,,0.00019962392290326283,11840,,0,0,0,0,0
2026-01-13 12:33:09,380,0.0585,0.8084,,0.0001995794846799755,12160,,0,0,0,0,0
2026-01-13 12:34:13,390,0.06,0.7853,,0.00019953257103175496,12480,,0,0,0,0,0
2026-01-13 12:35:17,400,0.0616,0.7791,,0.00019948318312481745,12800,,0,0,0,0,0
2026-01-13 12:36:20,410,0.0631,0.7547,,0.00019943132218688624,13120,,0,0,0,0,0
2026-01-13 12:37:23,420,0.0647,0.7965,,0.0001993769895071613,13440,,0,0,0,0,0
2026-01-13 12:38:25,430,0.0662,0.7728,,0.00019932018643628694,13760,,0,0,0,0,0
2026-01-13 12:39:27,440,0.0677,0.8271,,0.00019926091438631844,14080,,0,0,0,0,0
2026-01-13 12:40:30,450,0.0693,0.8162,,0.00019919917483068696,14400,,0,0,0,0,0
2026-01-13 12:41:32,460,0.0708,0.7753,,0.00019913496930416274,14720,,0,0,0,0,0
2026-01-13 12:42:34,470,0.0724,0.8332,,0.00019906829940281715,15040,,0,0,0,0,0
2026-01-13 12:43:37,480,0.0739,0.8051,,0.00019899916678398286,15360,,0,0,0,0,0
2026-01-13 12:44:42,490,0.0754,0.7929,,0.0001989275731662128,15680,,0,0,0,0,0
2026-01-13 12:45:43,500,0.077,0.8137,,0.0001988535203292372,16000,,0,0,0,0,0
2026-01-13 12:46:44,510,0.0785,0.7719,,0.00019877701011391955,16320,,0,0,0,0,0
2026-01-13 12:47:45,520,0.0801,0.8164,,0.00019869804442221086,16640,,0,0,0,0,0
2026-01-13 12:48:47,530,0.0816,0.7635,,0.00019861662521710222,16960,,0,0,0,0,0
2026-01-13 12:49:49,540,0.0831,0.7611,,0.00019853275452257605,17280,,0,0,0,0,0
2026-01-13 12:50:49,550,0.0847,0.7894,,0.00019844643442355588,17600,,0,0,0,0,0
2026-01-13 12:51:52,560,0.0862,0.7923,,0.0001983576670658544,17920,,0,0,0,0,0
2026-01-13 12:52:53,570,0.0877,0.8223,,0.0001982664546561203,18240,,0,0,0,0,0
2026-01-13 12:53:55,580,0.0893,0.8392,,0.0001981727994617831,18560,,0,0,0,0,0
2026-01-13 12:55:00,590,0.0908,0.7875,,0.00019807670381099713,18880,,0,0,0,0,0
2026-01-13 12:56:04,600,0.0924,0.7897,,0.00019797817009258343,19200,,0,0,0,0,0
2026-01-13 12:57:05,610,0.0939,0.7766,,0.00019787720075597047,19520,,0,0,0,0,0
2026-01-13 12:58:08,620,0.0954,0.8022,,0.00019777379831113323,19840,,0,0,0,0,0
2026-01-13 12:59:12,630,0.097,0.7926,,0.0001976679653285307,20160,,0,0,0,0,0
2026-01-13 13:00:15,640,0.0985,0.7895,,0.0001975597044390423,20480,,0,0,0,0,0
2026-01-13 13:01:20,650,0.1001,0.7594,,0.00019744901833390204,20800,,0,0,0,0,0
2026-01-13 13:02:26,660,0.1016,0.8008,,0.00019733590976463194,21120,,0,0,0,0,0
2026-01-13 13:03:26,670,0.1031,0.8012,,0.00019722038154297358,21440,,0,0,0,0,0
2026-01-13 13:04:29,680,0.1047,0.8061,,0.00019710243654081803,21760,,0,0,0,0,0
2026-01-13 13:05:32,690,0.1062,0.8068,,0.0001969820776901347,22080,,0,0,0,0,0
2026-01-13 13:06:34,700,0.1078,0.8044,,0.00019685930798289837,22400,,0,0,0,0,0
2026-01-13 13:07:34,710,0.1093,0.7883,,0.00019673413047101464,22720,,0,0,0,0,0
2026-01-13 13:08:37,720,0.1108,0.79,,0.00019660654826624425,23040,,0,0,0,0,0
2026-01-13 13:09:40,730,0.1124,0.8,,0.0001964765645401258,23360,,0,0,0,0,0
2026-01-13 13:10:47,740,0.1139,0.7916,,0.00019634418252389662,23680,,0,0,0,0,0
2026-01-13 13:11:49,750,0.1155,0.769,,0.00019620940550841277,24000,,0,0,0,0,0
2026-01-13 13:12:52,760,0.117,0.7803,,0.00019607223684406697,24320,,0,0,0,0,0
2026-01-13 13:13:56,770,0.1185,0.7813,,0.00019593267994070547,24640,,0,0,0,0,0
2026-01-13 13:14:59,780,0.1201,0.819,,0.00019579073826754323,24960,,0,0,0,0,0
2026-01-13 13:16:01,790,0.1216,0.8139,,0.0001956464153530777,25280,,0,0,0,0,0
2026-01-13 13:17:03,800,0.1232,0.7952,,0.00019549971478500106,25600,,0,0,0,0,0
2026-01-13 13:18:07,810,0.1247,0.7838,,0.00019535064021011117,25920,,0,0,0,0,0
2026-01-13 13:19:10,820,0.1262,0.7633,,0.00019519919533422063,26240,,0,0,0,0,0
2026-01-13 13:20:13,830,0.1278,0.7605,,0.00019504538392206498,26560,,0,0,0,0,0
2026-01-13 13:21:14,840,0.1293,0.8116,,0.00019488920979720902,26880,,0,0,0,0,0
2026-01-13 13:22:17,850,0.1309,0.7908,,0.00019473067684195155,27200,,0,0,0,0,0
2026-01-13 13:23:21,860,0.1324,0.7961,,0.00019456978899722914,27520,,0,0,0,0,0
2026-01-13 13:24:26,870,0.1339,0.8001,,0.000194406550262518,27840,,0,0,0,0,0
2026-01-13 13:25:27,880,0.1355,0.8152,,0.00019424096469573468,28160,,0,0,0,0,0
2026-01-13 13:26:31,890,0.137,0.8106,,0.00019407303641313502,28480,,0,0,0,0,0
2026-01-13 13:27:32,900,0.1386,0.794,,0.00019390276958921202,28800,,0,0,0,0,0
2026-01-13 13:28:34,910,0.1401,0.7942,,0.00019373016845659194,29120,,0,0,0,0,0
2026-01-13 13:29:37,920,0.1416,0.7992,,0.00019355523730592907,29440,,0,0,0,0,0
2026-01-13 13:30:38,930,0.1432,0.7863,,0.0001933779804857992,29760,,0,0,0,0,0
2026-01-13 13:31:39,940,0.1447,0.8301,,0.00019319840240259134,30080,,0,0,0,0,0
2026-01-13 13:32:44,950,0.1462,0.8054,,0.00019301650752039836,30400,,0,0,0,0,0
2026-01-13 13:33:48,960,0.1478,0.7768,,0.00019283230036090595,30720,,0,0,0,0,0
2026-01-13 13:34:53,970,0.1493,0.8123,,0.00019264578550328007,31040,,0,0,0,0,0
2026-01-13 13:35:55,980,0.1509,0.797,,0.00019245696758405344,31360,,0,0,0,0,0
2026-01-13 13:36:58,990,0.1524,0.7904,,0.00019226585129700986,31680,,0,0,0,0,0
2026-01-13 13:38:01,1000,0.1539,0.8043,,0.00019207244139306804,32000,,0,0,0,0,0
2026-01-13 14:11:17,1000,0.1539,,0.7928532958030701,,32000,,0,0,0,0,0
2026-01-13 14:12:45,1010,0.1555,0.7979,,0.00019187674268016295,32320,,0,0,0,0,0
2026-01-13 14:13:48,1020,0.157,0.7765,,0.00019167876002312677,32640,,0,0,0,0,0
2026-01-13 14:14:52,1030,0.1586,0.8245,,0.00019147849834356764,32960,,0,0,0,0,0
2026-01-13 14:15:54,1040,0.1601,0.7945,,0.00019127596261974742,33280,,0,0,0,0,0
2026-01-13 14:16:57,1050,0.1616,0.8003,,0.00019107115788645807,33600,,0,0,0,0,0
2026-01-13 14:17:59,1060,0.1632,0.7878,,0.00019086408923489625,33920,,0,0,0,0,0
2026-01-13 14:19:00,1070,0.1647,0.8121,,0.00019065476181253686,34240,,0,0,0,0,0
2026-01-13 14:20:05,1080,0.1663,0.8064,,0.00019044318082300522,34560,,0,0,0,0,0
2026-01-13 14:21:09,1090,0.1678,0.8008,,0.00019022935152594747,34880,,0,0,0,0,0
2026-01-13 14:22:12,1100,0.1693,0.8172,,0.0001900132792369,35200,,0,0,0,0,0
2026-01-13 14:23:14,1110,0.1709,0.8169,,0.00018979496932715727,35520,,0,0,0,0,0
2026-01-13 14:24:17,1120,0.1724,0.8069,,0.00018957442722363822,35840,,0,0,0,0,0
2026-01-13 14:25:18,1130,0.174,0.8019,,0.0001893516584087514,36160,,0,0,0,0,0
2026-01-13 14:26:19,1140,0.1755,0.8126,,0.0001891266684202588,36480,,0,0,0,0,0
2026-01-13 14:27:22,1150,0.177,0.8101,,0.00018889946285113803,36800,,0,0,0,0,0
2026-01-13 14:28:26,1160,0.1786,0.7738,,0.00018867004734944324,37120,,0,0,0,0,0
2026-01-13 14:29:28,1170,0.1801,0.7945,,0.00018843842761816497,37440,,0,0,0,0,0
2026-01-13 14:30:29,1180,0.1817,0.8084,,0.00018820460941508814,37760,,0,0,0,0,0
2026-01-13 14:31:32,1190,0.1832,0.8029,,0.0001879685985526491,38080,,0,0,0,0,0
2026-01-13 14:32:33,1200,0.1847,0.8008,,0.00018773040089779087,38400,,0,0,0,0,0
2026-01-13 14:33:33,1210,0.1863,0.7883,,0.00018749002237181768,38720,,0,0,0,0,0
2026-01-13 14:34:34,1220,0.1878,0.8172,,0.00018724746895024743,39040,,0,0,0,0,0
2026-01-13 14:35:38,1230,0.1894,0.788,,0.00018700274666266328,39360,,0,0,0,0,0
2026-01-13 14:36:41,1240,0.1909,0.8012,,0.00018675586159256385,39680,,0,0,0,0,0
2026-01-13 14:37:44,1250,0.1924,0.7718,,0.0001865068198772118,40000,,0,0,0,0,0
2026-01-13 14:38:47,1260,0.194,0.8139,,0.00018625562770748145,40320,,0,0,0,0,0
2026-01-13 14:39:49,1270,0.1955,0.8128,,0.0001860022913277048,40640,,0,0,0,0,0
2026-01-13 14:40:53,1280,0.1971,0.8125,,0.0001857468170355162,40960,,0,0,0,0,0
2026-01-13 14:41:58,1290,0.1986,0.7838,,0.00018548921118169607,41280,,0,0,0,0,0
2026-01-13 14:42:58,1300,0.2001,0.8032,,0.00018522948017001274,41600,,0,0,0,0,0
2026-01-13 14:44:01,1310,0.2017,0.7825,,0.00018496763045706337,41920,,0,0,0,0,0
2026-01-13 14:45:01,1320,0.2032,0.7825,,0.00018470366855211353,42240,,0,0,0,0,0
2026-01-13 14:46:05,1330,0.2047,0.7622,,0.0001844376010169353,42560,,0,0,0,0,0
2026-01-13 14:47:08,1340,0.2063,0.7961,,0.00018416943446564416,42880,,0,0,0,0,0
2026-01-13 14:48:12,1350,0.2078,0.7807,,0.00018389917556453454,43200,,0,0,0,0,0
2026-01-13 14:49:15,1360,0.2094,0.7968,,0.0001836268310319142,43520,,0,0,0,0,0
2026-01-13 14:50:17,1370,0.2109,0.798,,0.00018335240763793715,43840,,0,0,0,0,0
2026-01-13 14:51:19,1380,0.2124,0.8048,,0.00018307591220443535,44160,,0,0,0,0,0
2026-01-13 14:52:22,1390,0.214,0.7918,,0.00018279735160474906,44480,,0,0,0,0,0
2026-01-13 14:53:25,1400,0.2155,0.7861,,0.0001825167327635563,44800,,0,0,0,0,0
2026-01-13 14:54:28,1410,0.2171,0.7845,,0.00018223406265670025,45120,,0,0,0,0,0
2026-01-13 14:55:29,1420,0.2186,0.7988,,0.00018194934831101609,45440,,0,0,0,0,0
2026-01-13 14:56:30,1430,0.2201,0.7974,,0.0001816625968041564,45760,,0,0,0,0,0
2026-01-13 14:57:31,1440,0.2217,0.8173,,0.000181373815264415,46080,,0,0,0,0,0
2026-01-13 14:58:33,1450,0.2232,0.8102,,0.00018108301087054994,46400,,0,0,0,0,0
2026-01-13 14:59:37,1460,0.2248,0.7632,,0.00018079019085160493,46720,,0,0,0,0,0
2026-01-13 15:00:39,1470,0.2263,0.8128,,0.00018049536248672965,47040,,0,0,0,0,0
2026-01-13 15:01:39,1480,0.2278,0.7952,,0.00018019853310499882,47360,,0,0,0,0,0
2026-01-13 15:02:42,1490,0.2294,0.7743,,0.00017989971008523008,47680,,0,0,0,0,0
2026-01-13 15:03:43,1500,0.2309,0.7897,,0.00017959890085580035,48000,,0,0,0,0,0
2026-01-13 15:04:47,1510,0.2325,0.7935,,0.00017929611289446148,48320,,0,0,0,0,0
2026-01-13 15:05:48,1520,0.234,0.7874,,0.000178991353728154,48640,,0,0,0,0,0
2026-01-13 15:06:49,1530,0.2355,0.815,,0.00017868463093282037,48960,,0,0,0,0,0
2026-01-13 15:07:48,1540,0.2371,0.813,,0.00017837595213321638,49280,,0,0,0,0,0
2026-01-13 15:08:50,1550,0.2386,0.7889,,0.00017806532500272177,49600,,0,0,0,0,0
2026-01-13 15:09:56,1560,0.2402,0.7795,,0.00017775275726314934,49920,,0,0,0,0,0
2026-01-13 15:10:58,1570,0.2417,0.7996,,0.00017743825668455312,50240,,0,0,0,0,0
2026-01-13 15:12:01,1580,0.2432,0.7701,,0.00017712183108503518,50560,,0,0,0,0,0
2026-01-13 15:13:05,1590,0.2448,0.7877,,0.00017680348833055124,50880,,0,0,0,0,0
2026-01-13 15:14:06,1600,0.2463,0.8114,,0.0001764832363347152,51200,,0,0,0,0,0
2026-01-13 15:15:07,1610,0.2479,0.7787,,0.00017616108305860235,51520,,0,0,0,0,0
2026-01-13 15:16:08,1620,0.2494,0.8106,,0.0001758370365105515,51840,,0,0,0,0,0
2026-01-13 15:17:12,1630,0.2509,0.7699,,0.00017551110474596588,52160,,0,0,0,0,0
2026-01-13 15:18:15,1640,0.2525,0.7938,,0.00017518329586711296,52480,,0,0,0,0,0
2026-01-13 15:19:18,1650,0.254,0.798,,0.0001748536180229229,52800,,0,0,0,0,0
2026-01-13 15:20:19,1660,0.2555,0.7762,,0.00017452207940878625,53120,,0,0,0,0,0
2026-01-13 15:21:19,1670,0.2571,0.7714,,0.0001741886882663498,53440,,0,0,0,0,0
2026-01-13 15:22:22,1680,0.2586,0.8017,,0.0001738534528833121,53760,,0,0,0,0,0
2026-01-13 15:23:23,1690,0.2602,0.7705,,0.00017351638159321723,54080,,0,0,0,0,0
2026-01-13 15:24:27,1700,0.2617,0.7973,,0.0001731774827752477,54400,,0,0,0,0,0
2026-01-13 15:25:30,1710,0.2632,0.7761,,0.0001728367648540161,54720,,0,0,0,0,0
2026-01-13 15:26:33,1720,0.2648,0.8021,,0.00017249423629935585,55040,,0,0,0,0,0
2026-01-13 15:27:37,1730,0.2663,0.7655,,0.0001721499056261103,55360,,0,0,0,0,0
2026-01-13 15:28:39,1740,0.2679,0.7919,,0.00017180378139392146,55680,,0,0,0,0,0
2026-01-13 15:29:43,1750,0.2694,0.8095,,0.00017145587220701694,56000,,0,0,0,0,0
2026-01-13 15:30:43,1760,0.2709,0.7887,,0.0001711061867139962,56320,,0,0,0,0,0
2026-01-13 15:31:47,1770,0.2725,0.7616,,0.0001707547336076155,56640,,0,0,0,0,0
2026-01-13 15:32:50,1780,0.274,0.8062,,0.00017040152162457178,56960,,0,0,0,0,0
2026-01-13 15:33:54,1790,0.2756,0.8053,,0.00017004655954528563,57280,,0,0,0,0,0
2026-01-13 15:34:54,1800,0.2771,0.7849,,0.0001696898561936827,57600,,0,0,0,0,0
2026-01-13 15:35:55,1810,0.2786,0.7793,,0.00016933142043697478,57920,,0,0,0,0,0
2026-01-13 15:37:00,1820,0.2802,0.806,,0.000168971261185439,58240,,0,0,0,0,0
2026-01-13 15:38:01,1830,0.2817,0.7753,,0.0001686093873921965,58560,,0,0,0,0,0
2026-01-13 15:39:03,1840,0.2833,0.8106,,0.00016824580805298992,58880,,0,0,0,0,0
2026-01-13 15:40:06,1850,0.2848,0.8173,,0.00016788053220595959,59200,,0,0,0,0,0
2026-01-13 15:41:09,1860,0.2863,0.7866,,0.000167513568931419,59520,,0,0,0,0,0
2026-01-13 15:42:11,1870,0.2879,0.8127,,0.0001671449273516291,59840,,0,0,0,0,0
2026-01-13 15:43:14,1880,0.2894,0.7982,,0.00016677461663057138,60160,,0,0,0,0,0
2026-01-13 15:44:16,1890,0.291,0.7958,,0.0001664026459737202,60480,,0,0,0,0,0
2026-01-13 15:45:19,1900,0.2925,0.7643,,0.00016602902462781389,60800,,0,0,0,0,0
2026-01-13 15:46:22,1910,0.294,0.8005,,0.00016565376188062492,61120,,0,0,0,0,0
2026-01-13 15:47:23,1920,0.2956,0.7928,,0.00016527686706072897,61440,,0,0,0,0,0
2026-01-13 15:48:26,1930,0.2971,0.7954,,0.0001648983495372731,61760,,0,0,0,0,0
2026-01-13 15:49:29,1940,0.2987,0.7779,,0.0001645182187197428,62080,,0,0,0,0,0
2026-01-13 15:50:33,1950,0.3002,0.7815,,0.00016413648405772804,62400,,0,0,0,0,0
2026-01-13 15:51:38,1960,0.3017,0.7608,,0.0001637531550406885,62720,,0,0,0,0,0
2026-01-13 15:52:39,1970,0.3033,0.7987,,0.0001633682411977175,63040,,0,0,0,0,0
2026-01-13 15:53:42,1980,0.3048,0.7879,,0.00016298175209730528,63360,,0,0,0,0,0
2026-01-13 15:54:43,1990,0.3064,0.7945,,0.00016259369734710104,63680,,0,0,0,0,0
2026-01-13 15:55:48,2000,0.3079,0.7866,,0.00016220408659367407,64000,,0,0,0,0,0
2026-01-13 16:29:04,2000,0.3079,,0.7892230153083801,,64000,,0,0,0,0,0
2026-01-13 16:30:38,2010,0.3094,0.7887,,0.00016181292952227412,64320,,0,0,0,0,0
2026-01-13 16:31:41,2020,0.311,0.7666,,0.0001614202358565904,64640,,0,0,0,0,0
2026-01-13 16:32:44,2030,0.3125,0.7566,,0.00016102601535851013,64960,,0,0,0,0,0
2026-01-13 16:33:46,2040,0.314,0.7714,,0.0001606302778278756,65280,,0,0,0,0,0
2026-01-13 16:34:50,2050,0.3156,0.7682,,0.00016023303310224075,65600,,0,0,0,0,0
2026-01-13 16:35:51,2060,0.3171,0.8011,,0.00015983429105662656,65920,,0,0,0,0,0
2026-01-13 16:36:53,2070,0.3187,0.8057,,0.0001594340616032755,66240,,0,0,0,0,0
2026-01-13 16:37:55,2080,0.3202,0.7851,,0.00015903235469140524,66560,,0,0,0,0,0
2026-01-13 16:38:58,2090,0.3217,0.7471,,0.0001586291803069613,66880,,0,0,0,0,0
2026-01-13 16:39:59,2100,0.3233,0.8087,,0.00015822454847236873,67200,,0,0,0,0,0
2026-01-13 16:41:02,2110,0.3248,0.7781,,0.00015781846924628308,67520,,0,0,0,0,0
2026-01-13 16:42:04,2120,0.3264,0.7963,,0.0001574109527233402,67840,,0,0,0,0,0
2026-01-13 16:43:07,2130,0.3279,0.7865,,0.0001570020090339054,68160,,0,0,0,0,0
2026-01-13 16:44:09,2140,0.3294,0.792,,0.00015659164834382175,68480,,0,0,0,0,0
2026-01-13 16:45:13,2150,0.331,0.807,,0.0001561798808541571,68800,,0,0,0,0,0
2026-01-13 16:46:16,2160,0.3325,0.776,,0.0001557667168009507,69120,,0,0,0,0,0
2026-01-13 16:47:19,2170,0.3341,0.7907,,0.0001553521664549586,69440,,0,0,0,0,0
2026-01-13 16:48:21,2180,0.3356,0.7955,,0.00015493624012139848,69760,,0,0,0,0,0
2026-01-13 16:49:23,2190,0.3371,0.7879,,0.00015451894813969333,70080,,0,0,0,0,0
2026-01-13 16:50:25,2200,0.3387,0.7974,,0.00015410030088321453,70400,,0,0,0,0,0
2026-01-13 16:51:28,2210,0.3402,0.7588,,0.00015368030875902394,70720,,0,0,0,0,0
2026-01-13 16:52:29,2220,0.3418,0.7774,,0.00015325898220761524,71040,,0,0,0,0,0
2026-01-13 16:53:30,2230,0.3433,0.7903,,0.00015283633170265422,71360,,0,0,0,0,0
2026-01-13 16:54:31,2240,0.3448,0.8183,,0.00015241236775071873,71680,,0,0,0,0,0
2026-01-13 16:55:36,2250,0.3464,0.7977,,0.0001519871008910371,72000,,0,0,0,0,0
2026-01-13 16:56:40,2260,0.3479,0.8035,,0.0001515605416952266,72320,,0,0,0,0,0
2026-01-13 16:57:43,2270,0.3495,0.8037,,0.00015113270076703018,72640,,0,0,0,0,0
2026-01-13 16:58:47,2280,0.351,0.7984,,0.00015070358874205326,72960,,0,0,0,0,0
2026-01-13 16:59:48,2290,0.3525,0.8002,,0.0001502732162874991,73280,,0,0,0,0,0
2026-01-13 17:00:51,2300,0.3541,0.7967,,0.00014984159410190372,73600,,0,0,0,0,0
2026-01-13 17:01:53,2310,0.3556,0.7663,,0.00014940873291486995,73920,,0,0,0,0,0
2026-01-13 17:02:57,2320,0.3572,0.7921,,0.00014897464348680067,74240,,0,0,0,0,0
2026-01-13 17:04:01,2330,0.3587,0.7982,,0.00014853933660863143,74560,,0,0,0,0,0
2026-01-13 17:05:04,2340,0.3602,0.7773,,0.00014810282310156195,74880,,0,0,0,0,0
2026-01-13 17:06:06,2350,0.3618,0.7855,,0.00014766511381678735,75200,,0,0,0,0,0
2026-01-13 17:07:09,2360,0.3633,0.7544,,0.0001472262196352284,75520,,0,0,0,0,0
2026-01-13 17:08:09,2370,0.3649,0.8033,,0.00014678615146726084,75840,,0,0,0,0,0
2026-01-13 17:09:10,2380,0.3664,0.787,,0.00014634492025244442,76160,,0,0,0,0,0
2026-01-13 17:10:16,2390,0.3679,0.7751,,0.00014590253695925066,76480,,0,0,0,0,0
2026-01-13 17:11:18,2400,0.3695,0.8134,,0.00014545901258479051,76800,,0,0,0,0,0
2026-01-13 17:12:24,2410,0.371,0.7919,,0.00014501435815454072,77120,,0,0,0,0,0
2026-01-13 17:13:26,2420,0.3725,0.7987,,0.0001445685847220698,77440,,0,0,0,0,0
2026-01-13 17:14:30,2430,0.3741,0.7899,,0.00014412170336876353,77760,,0,0,0,0,0
2026-01-13 17:15:32,2440,0.3756,0.7981,,0.00014367372520354894,78080,,0,0,0,0,0
2026-01-13 17:16:35,2450,0.3772,0.8114,,0.0001432246613626187,78400,,0,0,0,0,0
2026-01-13 17:17:37,2460,0.3787,0.7845,,0.00014277452300915394,78720,,0,0,0,0,0
2026-01-13 17:18:41,2470,0.3802,0.798,,0.00014232332133304692,79040,,0,0,0,0,0
2026-01-13 17:19:43,2480,0.3818,0.7744,,0.00014187106755062282,79360,,0,0,0,0,0
2026-01-13 17:20:48,2490,0.3833,0.7444,,0.00014141777290436087,79680,,0,0,0,0,0
2026-01-13 17:21:52,2500,0.3849,0.7908,,0.00014096344866261487,80000,,0,0,0,0,0
2026-01-13 17:22:57,2510,0.3864,0.7981,,0.00014050810611933323,80320,,0,0,0,0,0
2026-01-13 17:23:58,2520,0.3879,0.7827,,0.00014005175659377798,80640,,0,0,0,0,0
2026-01-13 17:25:00,2530,0.3895,0.7906,,0.0001395944114302436,80960,,0,0,0,0,0
2026-01-13 17:26:02,2540,0.391,0.7606,,0.00013913608199777483,81280,,0,0,0,0,0
2026-01-13 17:27:05,2550,0.3926,0.7577,,0.0001386767796898842,81600,,0,0,0,0,0
2026-01-13 17:28:06,2560,0.3941,0.7843,,0.00013821651592426875,81920,,0,0,0,0,0
2026-01-13 17:29:09,2570,0.3956,0.8061,,0.0001377553021425261,82240,,0,0,0,0,0
2026-01-13 17:30:12,2580,0.3972,0.7905,,0.00013729314980987024,82560,,0,0,0,0,0
2026-01-13 17:31:14,2590,0.3987,0.7831,,0.0001368300704148463,82880,,0,0,0,0,0
2026-01-13 17:32:16,2600,0.4003,0.7487,,0.00013636607546904512,83200,,0,0,0,0,0
2026-01-13 17:33:22,2610,0.4018,0.7845,,0.00013590117650681696,83520,,0,0,0,0,0
2026-01-13 17:34:24,2620,0.4033,0.7705,,0.00013543538508498486,83840,,0,0,0,0,0
2026-01-13 17:35:28,2630,0.4049,0.7964,,0.00013496871278255733,84160,,0,0,0,0,0
2026-01-13 17:36:28,2640,0.4064,0.8016,,0.00013450117120044047,84480,,0,0,0,0,0
2026-01-13 17:37:33,2650,0.408,0.793,,0.00013403277196114965,84800,,0,0,0,0,0
2026-01-13 17:38:35,2660,0.4095,0.7973,,0.00013356352670852056,85120,,0,0,0,0,0
2026-01-13 17:39:38,2670,0.411,0.791,,0.00013309344710741967,85440,,0,0,0,0,0
2026-01-13 17:40:40,2680,0.4126,0.8163,,0.00013262254484345447,85760,,0,0,0,0,0
2026-01-13 17:41:45,2690,0.4141,0.7908,,0.0001321508316226827,86080,,0,0,0,0,0
2026-01-13 17:42:46,2700,0.4157,0.7469,,0.00013167831917132168,86400,,0,0,0,0,0
2026-01-13 17:43:48,2710,0.4172,0.8021,,0.00013120501923545645,86720,,0,0,0,0,0
2026-01-13 17:44:51,2720,0.4187,0.7829,,0.00013073094358074809,87040,,0,0,0,0,0
2026-01-13 17:45:54,2730,0.4203,0.7973,,0.000130256103992141,87360,,0,0,0,0,0
2026-01-13 17:46:58,2740,0.4218,0.758,,0.0001297805122735702,87680,,0,0,0,0,0
2026-01-13 17:48:01,2750,0.4233,0.8229,,0.0001293041802476675,88000,,0,0,0,0,0
2026-01-13 17:49:04,2760,0.4249,0.754,,0.00012882711975546816,88320,,0,0,0,0,0
2026-01-13 17:50:08,2770,0.4264,0.7851,,0.00012834934265611598,88640,,0,0,0,0,0
2026-01-13 17:51:11,2780,0.428,0.8094,,0.00012787086082656886,88960,,0,0,0,0,0
2026-01-13 17:52:15,2790,0.4295,0.8006,,0.00012739168616130337,89280,,0,0,0,0,0
2026-01-13 17:53:15,2800,0.431,0.7645,,0.00012691183057201918,89600,,0,0,0,0,0
2026-01-13 17:54:16,2810,0.4326,0.8109,,0.00012643130598734295,89920,,0,0,0,0,0
2026-01-13 17:55:16,2820,0.4341,0.7992,,0.0001259501243525316,90240,,0,0,0,0,0
2026-01-13 17:56:19,2830,0.4357,0.809,,0.00012546829762917573,90560,,0,0,0,0,0
2026-01-13 17:57:21,2840,0.4372,0.7791,,0.0001249858377949018,90880,,0,0,0,0,0
2026-01-13 17:58:21,2850,0.4387,0.8023,,0.0001245027568430749,91200,,0,0,0,0,0
2026-01-13 17:59:25,2860,0.4403,0.7861,,0.00012401906678250014,91520,,0,0,0,0,0
2026-01-13 18:00:28,2870,0.4418,0.8001,,0.00012353477963712449,91840,,0,0,0,0,0
2026-01-13 18:01:29,2880,0.4434,0.7842,,0.00012304990744573758,92160,,0,0,0,0,0
2026-01-13 18:02:31,2890,0.4449,0.7805,,0.0001225644622616727,92480,,0,0,0,0,0
2026-01-13 18:03:35,2900,0.4464,0.7918,,0.00012207845615250695,92800,,0,0,0,0,0
2026-01-13 18:04:37,2910,0.448,0.7857,,0.0001215919011997614,93120,,0,0,0,0,0
2026-01-13 18:05:40,2920,0.4495,0.7773,,0.00012110480949860066,93440,,0,0,0,0,0
2026-01-13 18:06:44,2930,0.4511,0.8026,,0.00012061719315753233,93760,,0,0,0,0,0
2026-01-13 18:07:46,2940,0.4526,0.7895,,0.00012012906429810578,94080,,0,0,0,0,0
2026-01-13 18:08:48,2950,0.4541,0.7609,,0.00011964043505461111,94400,,0,0,0,0,0
2026-01-13 18:09:48,2960,0.4557,0.7855,,0.0001191513175737773,94720,,0,0,0,0,0
2026-01-13 18:10:50,2970,0.4572,0.7758,,0.00011866172401447033,95040,,0,0,0,0,0
2026-01-13 18:11:52,2980,0.4588,0.7759,,0.00011817166654739087,95360,,0,0,0,0,0
2026-01-13 18:12:57,2990,0.4603,0.7714,,0.00011768115735477183,95680,,0,0,0,0,0
2026-01-13 18:14:00,3000,0.4618,0.7959,,0.00011719020863007537,96000,,0,0,0,0,0
2026-01-13 18:47:10,3000,0.4618,,0.7832475900650024,,96000,,0,0,0,0,0
2026-01-13 18:48:36,3010,0.4634,0.7395,,0.00011669883257769007,96320,,0,0,0,0,0
2026-01-13 18:49:40,3020,0.4649,0.7701,,0.00011620704141262713,96640,,0,0,0,0,0
2026-01-13 18:50:41,3030,0.4665,0.7855,,0.00011571484736021716,96960,,0,0,0,0,0
2026-01-13 18:51:42,3040,0.468,0.7908,,0.00011522226265580584,97280,,0,0,0,0,0
2026-01-13 18:52:45,3050,0.4695,0.7992,,0.00011472929954445018,97600,,0,0,0,0,0
2026-01-13 18:53:47,3060,0.4711,0.7714,,0.00011423597028061384,97920,,0,0,0,0,0
2026-01-13 18:54:48,3070,0.4726,0.7695,,0.00011374228712786259,98240,,0,0,0,0,0
2026-01-13 18:55:49,3080,0.4742,0.8077,,0.00011324826235855944,98560,,0,0,0,0,0
2026-01-13 18:56:52,3090,0.4757,0.7781,,0.00011275390825355958,98880,,0,0,0,0,0
2026-01-13 18:57:56,3100,0.4772,0.8054,,0.00011225923710190507,99200,,0,0,0,0,0
2026-01-13 18:58:58,3110,0.4788,0.7921,,0.00011176426120051946,99520,,0,0,0,0,0
2026-01-13 19:00:01,3120,0.4803,0.762,,0.00011126899285390181,99840,,0,0,0,0,0
2026-01-13 19:01:04,3130,0.4818,0.773,,0.00011077344437382125,100160,,0,0,0,0,0
2026-01-13 19:02:07,3140,0.4834,0.761,,0.00011027762807901051,100480,,0,0,0,0,0
2026-01-13 19:03:08,3150,0.4849,0.7849,,0.00010978155629485996,100800,,0,0,0,0,0
2026-01-13 19:04:08,3160,0.4865,0.7753,,0.00010928524135311105,101120,,0,0,0,0,0
2026-01-13 19:05:09,3170,0.488,0.8036,,0.00010878869559154991,101440,,0,0,0,0,0
2026-01-13 19:06:12,3180,0.4895,0.7888,,0.00010829193135370055,101760,,0,0,0,0,0
2026-01-13 19:07:15,3190,0.4911,0.7783,,0.00010779496098851796,102080,,0,0,0,0,0
2026-01-13 19:08:17,3200,0.4926,0.7914,,0.00010729779685008135,102400,,0,0,0,0,0
2026-01-13 19:09:18,3210,0.4942,0.8051,,0.00010680045129728671,102720,,0,0,0,0,0
2026-01-13 19:10:21,3220,0.4957,0.8058,,0.00010630293669353997,103040,,0,0,0,0,0
2026-01-13 19:11:24,3230,0.4972,0.768,,0.00010580526540644932,103360,,0,0,0,0,0
2026-01-13 19:12:24,3240,0.4988,0.7937,,0.00010530744980751796,103680,,0,0,0,0,0
2026-01-13 19:13:24,3250,0.5003,0.7828,,0.0001048095022718365,104000,,0,0,0,0,0
2026-01-13 19:14:26,3260,0.5019,0.7931,,0.00010431143517777532,104320,,0,0,0,0,0
2026-01-13 19:15:29,3270,0.5034,0.7647,,0.00010381326090667691,104640,,0,0,0,0,0
2026-01-13 19:16:31,3280,0.5049,0.8091,,0.00010331499184254807,104960,,0,0,0,0,0
2026-01-13 19:17:32,3290,0.5065,0.763,,0.00010281664037175192,105280,,0,0,0,0,0
2026-01-13 19:18:33,3300,0.508,0.8165,,0.00010231821888270027,105600,,0,0,0,0,0
2026-01-13 19:19:36,3310,0.5096,0.7749,,0.00010181973976554538,105920,,0,0,0,0,0
2026-01-13 19:20:41,3320,0.5111,0.7711,,0.0001013212154118721,106240,,0,0,0,0,0
2026-01-13 19:21:43,3330,0.5126,0.7536,,0.00010082265821438986,106560,,0,0,0,0,0
2026-01-13 19:22:45,3340,0.5142,0.7588,,0.0001003240805666245,106880,,0,0,0,0,0
2026-01-13 19:23:46,3350,0.5157,0.8003,,9.98254948626102e-05,107200,,0,0,0,0,0
2026-01-13 19:24:48,3360,0.5173,0.8013,,9.93269134965815e-05,107520,,0,0,0,0,0
2026-01-13 19:25:49,3370,0.5188,0.8004,,9.882834886266504e-05,107840,,0,0,0,0,0
2026-01-13 19:26:52,3380,0.5203,0.772,,9.832981335457149e-05,108160,,0,0,0,0,0
2026-01-13 19:27:55,3390,0.5219,0.7749,,9.783131936528753e-05,108480,,0,0,0,0,0
2026-01-13 19:29:02,3400,0.5234,0.7648,,9.733287928676777e-05,108800,,0,0,0,0,0
2026-01-13 19:30:05,3410,0.525,0.8085,,9.683450550962658e-05,109120,,0,0,0,0,0
2026-01-13 19:31:09,3420,0.5265,0.8112,,9.633621042283025e-05,109440,,0,0,0,0,0
2026-01-13 19:32:09,3430,0.528,0.7624,,9.583800641338882e-05,109760,,0,0,0,0,0
2026-01-13 19:33:13,3440,0.5296,0.7452,,9.533990586604837e-05,110080,,0,0,0,0,0
2026-01-13 19:34:16,3450,0.5311,0.7842,,9.48419211629829e-05,110400,,0,0,0,0,0
2026-01-13 19:35:19,3460,0.5327,0.7545,,9.434406468348681e-05,110720,,0,0,0,0,0
2026-01-13 19:36:23,3470,0.5342,0.7634,,9.384634880366696e-05,111040,,0,0,0,0,0
2026-01-13 19:37:27,3480,0.5357,0.7546,,9.3348785896135e-05,111360,,0,0,0,0,0
2026-01-13 19:38:27,3490,0.5373,0.8008,,9.285138832969998e-05,111680,,0,0,0,0,0
2026-01-13 19:39:34,3500,0.5388,0.8026,,9.235416846906073e-05,112000,,0,0,0,0,0
2026-01-13 19:40:37,3510,0.5403,0.7743,,9.18571386744985e-05,112320,,0,0,0,0,0
2026-01-13 19:41:38,3520,0.5419,0.8114,,9.136031130156983e-05,112640,,0,0,0,0,0
2026-01-13 19:42:41,3530,0.5434,0.7843,,9.086369870079915e-05,112960,,0,0,0,0,0
2026-01-13 19:43:45,3540,0.545,0.7711,,9.036731321737201e-05,113280,,0,0,0,0,0
2026-01-13 19:44:50,3550,0.5465,0.7655,,8.987116719082814e-05,113600,,0,0,0,0,0
2026-01-13 19:45:54,3560,0.548,0.7451,,8.937527295475455e-05,113920,,0,0,0,0,0
2026-01-13 19:46:59,3570,0.5496,0.7917,,8.887964283647918e-05,114240,,0,0,0,0,0
2026-01-13 19:48:01,3580,0.5511,0.7835,,8.838428915676414e-05,114560,,0,0,0,0,0
2026-01-13 19:49:06,3590,0.5527,0.7771,,8.78892242294998e-05,114880,,0,0,0,0,0
2026-01-13 19:50:08,3600,0.5542,0.7817,,8.739446036139837e-05,115200,,0,0,0,0,0
2026-01-13 19:51:09,3610,0.5557,0.7663,,8.690000985168823e-05,115520,,0,0,0,0,0
2026-01-13 19:52:11,3620,0.5573,0.7672,,8.640588499180786e-05,115840,,0,0,0,0,0
2026-01-13 19:53:17,3630,0.5588,0.7732,,8.591209806510061e-05,116160,,0,0,0,0,0
2026-01-13 19:54:19,3640,0.5604,0.7692,,8.54186613465092e-05,116480,,0,0,0,0,0
2026-01-13 19:55:21,3650,0.5619,0.769,,8.492558710227063e-05,116800,,0,0,0,0,0
2026-01-13 19:56:24,3660,0.5634,0.7734,,8.443288758961116e-05,117120,,0,0,0,0,0
2026-01-13 19:57:28,3670,0.565,0.7644,,8.39405750564417e-05,117440,,0,0,0,0,0
2026-01-13 19:58:34,3680,0.5665,0.7645,,8.344866174105338e-05,117760,,0,0,0,0,0
2026-01-13 19:59:37,3690,0.5681,0.745,,8.29571598718132e-05,118080,,0,0,0,0,0
2026-01-13 20:00:37,3700,0.5696,0.8164,,8.246608166686008e-05,118400,,0,0,0,0,0
2026-01-13 20:01:39,3710,0.5711,0.7619,,8.19754393338013e-05,118720,,0,0,0,0,0
2026-01-13 20:02:41,3720,0.5727,0.7759,,8.14852450694087e-05,119040,,0,0,0,0,0
2026-01-13 20:03:44,3730,0.5742,0.7718,,8.099551105931582e-05,119360,,0,0,0,0,0
2026-01-13 20:04:45,3740,0.5758,0.7874,,8.050624947771482e-05,119680,,0,0,0,0,0
2026-01-13 20:05:49,3750,0.5773,0.7584,,8.00174724870538e-05,120000,,0,0,0,0,0
2026-01-13 20:06:49,3760,0.5788,0.8068,,7.952919223773459e-05,120320,,0,0,0,0,0
2026-01-13 20:07:51,3770,0.5804,0.7887,,7.904142086781055e-05,120640,,0,0,0,0,0
2026-01-13 20:08:53,3780,0.5819,0.7605,,7.8554170502685e-05,120960,,0,0,0,0,0
2026-01-13 20:09:57,3790,0.5835,0.7934,,7.806745325480967e-05,121280,,0,0,0,0,0
2026-01-13 20:11:01,3800,0.585,0.7494,,7.758128122338368e-05,121600,,0,0,0,0,0
2026-01-13 20:12:06,3810,0.5865,0.7673,,7.70956664940527e-05,121920,,0,0,0,0,0
2026-01-13 20:13:07,3820,0.5881,0.7637,,7.661062113860854e-05,122240,,0,0,0,0,0
2026-01-13 20:14:09,3830,0.5896,0.7557,,7.612615721468904e-05,122560,,0,0,0,0,0
2026-01-13 20:15:09,3840,0.5912,0.7641,,7.564228676547846e-05,122880,,0,0,0,0,0
2026-01-13 20:16:12,3850,0.5927,0.7913,,7.515902181940791e-05,123200,,0,0,0,0,0
2026-01-13 20:17:15,3860,0.5942,0.7575,,7.467637438985653e-05,123520,,0,0,0,0,0
2026-01-13 20:18:18,3870,0.5958,0.7477,,7.419435647485257e-05,123840,,0,0,0,0,0
2026-01-13 20:19:21,3880,0.5973,0.7708,,7.371298005677547e-05,124160,,0,0,0,0,0
2026-01-13 20:20:24,3890,0.5988,0.7824,,7.323225710205776e-05,124480,,0,0,0,0,0
2026-01-13 20:21:26,3900,0.6004,0.7505,,7.275219956088776e-05,124800,,0,0,0,0,0
2026-01-13 20:22:28,3910,0.6019,0.7674,,7.227281936691232e-05,125120,,0,0,0,0,0
2026-01-13 20:23:29,3920,0.6035,0.7622,,7.179412843694027e-05,125440,,0,0,0,0,0
2026-01-13 20:24:30,3930,0.605,0.7899,,7.13161386706462e-05,125760,,0,0,0,0,0
2026-01-13 20:25:35,3940,0.6065,0.7359,,7.083886195027464e-05,126080,,0,0,0,0,0
2026-01-13 20:26:36,3950,0.6081,0.7758,,7.036231014034463e-05,126400,,0,0,0,0,0
2026-01-13 20:27:38,3960,0.6096,0.7787,,6.988649508735488e-05,126720,,0,0,0,0,0
2026-01-13 20:28:42,3970,0.6112,0.7914,,6.941142861948912e-05,127040,,0,0,0,0,0
2026-01-13 20:29:46,3980,0.6127,0.7763,,6.893712254632223e-05,127360,,0,0,0,0,0
2026-01-13 20:30:48,3990,0.6142,0.7907,,6.846358865852658e-05,127680,,0,0,0,0,0
2026-01-13 20:31:50,4000,0.6158,0.8166,,6.799083872757901e-05,128000,,0,0,0,0,0
2026-01-13 21:05:05,4000,0.6158,,0.7762643098831177,,128000,,0,0,0,0,0
2026-01-13 21:06:35,4010,0.6173,0.757,,6.751888450546805e-05,128320,,0,0,0,0,0
2026-01-13 21:07:37,4020,0.6189,0.7827,,6.704773772440191e-05,128640,,0,0,0,0,0
2026-01-13 21:08:39,4030,0.6204,0.7728,,6.657741009651684e-05,128960,,0,0,0,0,0
2026-01-13 21:09:42,4040,0.6219,0.801,,6.61079133135859e-05,129280,,0,0,0,0,0
2026-01-13 21:10:41,4050,0.6235,0.7618,,6.563925904672832e-05,129600,,0,0,0,0,0
2026-01-13 21:11:43,4060,0.625,0.7416,,6.517145894611953e-05,129920,,0,0,0,0,0
2026-01-13 21:12:46,4070,0.6266,0.7808,,6.470452464070125e-05,130240,,0,0,0,0,0
2026-01-13 21:13:48,4080,0.6281,0.7968,,6.42384677378927e-05,130560,,0,0,0,0,0
2026-01-13 21:14:51,4090,0.6296,0.7851,,6.377329982330196e-05,130880,,0,0,0,0,0
2026-01-13 21:15:55,4100,0.6312,0.7577,,6.330903246043783e-05,131200,,0,0,0,0,0
2026-01-13 21:16:57,4110,0.6327,0.8125,,6.284567719042262e-05,131520,,0,0,0,0,0
2026-01-13 21:18:00,4120,0.6343,0.7449,,6.238324553170497e-05,131840,,0,0,0,0,0
2026-01-13 21:19:00,4130,0.6358,0.7874,,6.192174897977382e-05,132160,,0,0,0,0,0
2026-01-13 21:19:59,4140,0.6373,0.7917,,6.146119900687237e-05,132480,,0,0,0,0,0
2026-01-13 21:21:00,4150,0.6389,0.8031,,6.100160706171314e-05,132800,,0,0,0,0,0
2026-01-13 21:22:04,4160,0.6404,0.7917,,6.054298456919315e-05,133120,,0,0,0,0,0
2026-01-13 21:23:06,4170,0.642,0.7909,,6.0085342930109987e-05,133440,,0,0,0,0,0
2026-01-13 21:24:07,4180,0.6435,0.7574,,5.9628693520878474e-05,133760,,0,0,0,0,0
2026-01-13 21:25:08,4190,0.645,0.8285,,5.9173047693247806e-05,134080,,0,0,0,0,0
2026-01-13 21:26:11,4200,0.6466,0.7703,,5.8718416774019324e-05,134400,,0,0,0,0,0
2026-01-13 21:27:17,4210,0.6481,0.763,,5.8264812064765086e-05,134720,,0,0,0,0,0
2026-01-13 21:28:19,4220,0.6496,0.7776,,5.781224484154657e-05,135040,,0,0,0,0,0
2026-01-13 21:29:21,4230,0.6512,0.8034,,5.7360726354634866e-05,135360,,0,0,0,0,0
2026-01-13 21:30:23,4240,0.6527,0.7728,,5.691026782823069e-05,135680,,0,0,0,0,0
2026-01-13 21:31:24,4250,0.6543,0.7933,,5.6460880460185315e-05,136000,,0,0,0,0,0
2026-01-13 21:32:26,4260,0.6558,0.7989,,5.601257542172249e-05,136320,,0,0,0,0,0
2026-01-13 21:33:29,4270,0.6573,0.7908,,5.55653638571604e-05,136640,,0,0,0,0,0
2026-01-13 21:34:29,4280,0.6589,0.7805,,5.511925688363496e-05,136960,,0,0,0,0,0
2026-01-13 21:35:33,4290,0.6604,0.7702,,5.467426559082312e-05,137280,,0,0,0,0,0
2026-01-13 21:36:35,4300,0.662,0.8084,,5.423040104066752e-05,137600,,0,0,0,0,0
2026-01-13 21:37:36,4310,0.6635,0.7926,,5.37876742671013e-05,137920,,0,0,0,0,0
2026-01-13 21:38:38,4320,0.665,0.7758,,5.334609627577376e-05,138240,,0,0,0,0,0
2026-01-13 21:39:39,4330,0.6666,0.7652,,5.290567804377704e-05,138560,,0,0,0,0,0
2026-01-13 21:40:44,4340,0.6681,0.7841,,5.24664305193729e-05,138880,,0,0,0,0,0
2026-01-13 21:41:48,4350,0.6697,0.7703,,5.202836462172087e-05,139200,,0,0,0,0,0
2026-01-13 21:42:52,4360,0.6712,0.7833,,5.159149124060665e-05,139520,,0,0,0,0,0
2026-01-13 21:43:54,4370,0.6727,0.7677,,5.115582123617135e-05,139840,,0,0,0,0,0
2026-01-13 21:44:59,4380,0.6743,0.7573,,5.072136543864163e-05,140160,,0,0,0,0,0
2026-01-13 21:45:58,4390,0.6758,0.7921,,5.02881346480605e-05,140480,,0,0,0,0,0
2026-01-13 21:47:00,4400,0.6774,0.7683,,4.985613963401873e-05,140800,,0,0,0,0,0
2026-01-13 21:48:04,4410,0.6789,0.7766,,4.942539113538729e-05,141120,,0,0,0,0,0
2026-01-13 21:49:08,4420,0.6804,0.8112,,4.8995899860050055e-05,141440,,0,0,0,0,0
2026-01-13 21:50:10,4430,0.682,0.7622,,4.856767648463808e-05,141760,,0,0,0,0,0
2026-01-13 21:51:09,4440,0.6835,0.7677,,4.814073165426392e-05,142080,,0,0,0,0,0
2026-01-13 21:52:11,4450,0.6851,0.7527,,4.771507598225704e-05,142400,,0,0,0,0,0
2026-01-13 21:53:13,4460,0.6866,0.7717,,4.729072004989997e-05,142720,,0,0,0,0,0
2026-01-13 21:54:14,4470,0.6881,0.7611,,4.6867674406165276e-05,143040,,0,0,0,0,0
2026-01-13 21:55:15,4480,0.6897,0.7584,,4.644594956745341e-05,143360,,0,0,0,0,0
2026-01-13 21:56:20,4490,0.6912,0.7713,,4.602555601733122e-05,143680,,0,0,0,0,0
2026-01-13 21:57:25,4500,0.6928,0.7696,,4.560650420627123e-05,144000,,0,0,0,0,0
2026-01-13 21:58:27,4510,0.6943,0.7976,,4.51888045513921e-05,144320,,0,0,0,0,0
2026-01-13 21:59:29,4520,0.6958,0.7851,,4.47724674361994e-05,144640,,0,0,0,0,0
2026-01-13 22:00:32,4530,0.6974,0.7866,,4.4357503210327746e-05,144960,,0,0,0,0,0
2026-01-13 22:01:35,4540,0.6989,0.7704,,4.394392218928327e-05,145280,,0,0,0,0,0
2026-01-13 22:02:38,4550,0.7005,0.78,,4.353173465418742e-05,145600,,0,0,0,0,0
2026-01-13 22:03:40,4560,0.702,0.7972,,4.312095085152126e-05,145920,,0,0,0,0,0
2026-01-13 22:04:43,4570,0.7035,0.7664,,4.271158099287067e-05,146240,,0,0,0,0,0
2026-01-13 22:05:47,4580,0.7051,0.7983,,4.2303635254672756e-05,146560,,0,0,0,0,0
2026-01-13 22:06:49,4590,0.7066,0.763,,4.189712377796258e-05,146880,,0,0,0,0,0
2026-01-13 22:07:51,4600,0.7081,0.7898,,4.149205666812128e-05,147200,,0,0,0,0,0
2026-01-13 22:08:54,4610,0.7097,0.7752,,4.1088443994624836e-05,147520,,0,0,0,0,0
2026-01-13 22:09:57,4620,0.7112,0.7952,,4.06862957907936e-05,147840,,0,0,0,0,0
2026-01-13 22:11:02,4630,0.7128,0.7635,,4.028562205354301e-05,148160,,0,0,0,0,0
2026-01-13 22:12:08,4640,0.7143,0.7847,,3.988643274313514e-05,148480,,0,0,0,0,0
2026-01-13 22:13:10,4650,0.7158,0.7763,,3.9488737782930966e-05,148800,,0,0,0,0,0
2026-01-13 22:14:14,4660,0.7174,0.7665,,3.909254705914371e-05,149120,,0,0,0,0,0
2026-01-13 22:15:17,4670,0.7189,0.7852,,3.86978704205931e-05,149440,,0,0,0,0,0
2026-01-13 22:16:19,4680,0.7205,0.7914,,3.83047176784606e-05,149760,,0,0,0,0,0
2026-01-13 22:17:22,4690,0.722,0.7691,,3.791309860604545e-05,150080,,0,0,0,0,0
2026-01-13 22:18:23,4700,0.7235,0.7632,,3.752302293852172e-05,150400,,0,0,0,0,0
2026-01-13 22:19:26,4710,0.7251,0.7791,,3.713450037269629e-05,150720,,0,0,0,0,0
2026-01-13 22:20:26,4720,0.7266,0.7683,,3.674754056676778e-05,151040,,0,0,0,0,0
2026-01-13 22:21:29,4730,0.7282,0.7603,,3.6362153140086585e-05,151360,,0,0,0,0,0
2026-01-13 22:22:33,4740,0.7297,0.7566,,3.597834767291568e-05,151680,,0,0,0,0,0
2026-01-13 22:23:36,4750,0.7312,0.7594,,3.55961337061923e-05,152000,,0,0,0,0,0
2026-01-13 22:24:40,4760,0.7328,0.7675,,3.5215520741291106e-05,152320,,0,0,0,0,0
2026-01-13 22:25:43,4770,0.7343,0.7687,,3.483651823978763e-05,152640,,0,0,0,0,0
2026-01-13 22:26:46,4780,0.7359,0.7634,,3.445913562322338e-05,152960,,0,0,0,0,0
2026-01-13 22:27:50,4790,0.7374,0.7502,,3.4083382272871356e-05,153280,,0,0,0,0,0
2026-01-13 22:28:50,4800,0.7389,0.8251,,3.370926752950311e-05,153600,,0,0,0,0,0
2026-01-13 22:29:54,4810,0.7405,0.7717,,3.333680069315638e-05,153920,,0,0,0,0,0
2026-01-13 22:30:54,4820,0.742,0.775,,3.2965991022903884e-05,154240,,0,0,0,0,0
2026-01-13 22:31:57,4830,0.7436,0.7473,,3.2596847736623214e-05,154560,,0,0,0,0,0
2026-01-13 22:33:00,4840,0.7451,0.7819,,3.222938001076775e-05,154880,,0,0,0,0,0
2026-01-13 22:34:01,4850,0.7466,0.7473,,3.1863596980138435e-05,155200,,0,0,0,0,0
2026-01-13 22:35:04,4860,0.7482,0.7878,,3.149950773765675e-05,155520,,0,0,0,0,0
2026-01-13 22:36:08,4870,0.7497,0.7756,,3.113712133413865e-05,155840,,0,0,0,0,0
2026-01-13 22:37:10,4880,0.7513,0.7633,,3.0776446778069535e-05,156160,,0,0,0,0,0
2026-01-13 22:38:12,4890,0.7528,0.7688,,3.041749303538044e-05,156480,,0,0,0,0,0
2026-01-13 22:39:12,4900,0.7543,0.7723,,3.0060269029225062e-05,156800,,0,0,0,0,0
2026-01-13 22:40:16,4910,0.7559,0.7611,,2.9704783639757918e-05,157120,,0,0,0,0,0
2026-01-13 22:41:19,4920,0.7574,0.791,,2.9351045703913582e-05,157440,,0,0,0,0,0
2026-01-13 22:42:21,4930,0.759,0.8242,,2.8999064015187148e-05,157760,,0,0,0,0,0
2026-01-13 22:43:22,4940,0.7605,0.774,,2.8648847323415507e-05,158080,,0,0,0,0,0
2026-01-13 22:44:24,4950,0.762,0.8123,,2.8300404334559903e-05,158400,,0,0,0,0,0
2026-01-13 22:45:27,4960,0.7636,0.79,,2.795374371048942e-05,158720,,0,0,0,0,0
2026-01-13 22:46:27,4970,0.7651,0.8018,,2.76088740687657e-05,159040,,0,0,0,0,0
2026-01-13 22:47:27,4980,0.7666,0.7646,,2.7265803982428827e-05,159360,,0,0,0,0,0
2026-01-13 22:48:31,4990,0.7682,0.7691,,2.6924541979784113e-05,159680,,0,0,0,0,0
2026-01-13 22:49:36,5000,0.7697,0.7759,,2.6585096544190035e-05,160000,,0,0,0,0,0
2026-01-13 23:22:49,5000,0.7697,,0.7713282704353333,,160000,,0,0,0,0,0
2026-01-14 20:14:31,5010,0.7713,0.7824,,2.6247476113847513e-05,160320,,350,0,4,0,0
2026-01-14 20:15:33,5020,0.7728,0.7715,,2.5911689081589952e-05,160640,,663,0,11,0,0
2026-01-14 20:16:37,5030,0.7743,0.7361,,2.5577743794674834e-05,160960,,980,0,14,0,0
2026-01-14 20:17:41,5040,0.7759,0.7732,,2.5245648554575963e-05,161280,,1294,1,19,0,0
2026-01-14 20:18:43,5050,0.7774,0.792,,2.491541161677732e-05,161600,,1611,1,22,0,0
2026-01-14 20:19:46,5060,0.779,0.7775,,2.4587041190567738e-05,161920,,1923,1,30,0,0
2026-01-14 20:20:53,5070,0.7805,0.7357,,2.42605454388368e-05,162240,,2236,1,37,0,0
2026-01-14 20:21:55,5080,0.782,0.7643,,2.393593247787196e-05,162560,,2552,1,41,0,0
2026-01-14 20:22:57,5090,0.7836,0.7496,,2.3613210377156812e-05,162880,,2868,1,45,0,0
2026-01-14 20:23:58,5100,0.7851,0.7853,,2.3292387159170493e-05,163200,,3185,1,48,0,0
2026-01-14 20:24:59,5110,0.7867,0.7467,,2.297347079918818e-05,163520,,3498,1,55,0,0
2026-01-14 20:26:03,5120,0.7882,0.7855,,2.2656469225082866e-05,163840,,3813,1,60,0,0
2026-01-14 20:27:08,5130,0.7897,0.778,,2.2341390317128297e-05,164160,,4125,1,68,0,0
2026-01-14 20:28:08,5140,0.7913,0.7324,,2.2028241907803115e-05,164480,,4438,1,75,0,0
2026-01-14 20:29:09,5150,0.7928,0.7907,,2.171703178159611e-05,164800,,4757,1,76,0,0
2026-01-14 20:30:12,5160,0.7944,0.7837,,2.1407767674812672e-05,165120,,5066,1,87,0,0
2026-01-14 20:31:15,5170,0.7959,0.779,,2.11004572753825e-05,165440,,5382,1,91,0,0
2026-01-14 20:32:18,5180,0.7974,0.7623,,2.079510822266857e-05,165760,,5698,1,95,0,0
2026-01-14 20:33:22,5190,0.799,0.7774,,2.0491728107277142e-05,166080,,6013,1,100,0,0
2026-01-14 20:34:25,5200,0.8005,0.7463,,2.0190324470869025e-05,166400,,6325,1,108,0,0
2026-01-14 20:35:26,5210,0.8021,0.779,,1.9890904805972277e-05,166720,,6640,2,112,0,0
2026-01-14 20:36:31,5220,0.8036,0.7514,,1.9593476555795697e-05,167040,,6955,2,117,0,0
2026-01-14 20:37:34,5230,0.8051,0.7648,,1.929804711404406e-05,167360,,7271,2,121,0,0
2026-01-14 20:38:39,5240,0.8067,0.7743,,1.900462382473416e-05,167680,,7581,2,131,0,0
2026-01-14 20:39:41,5250,0.8082,0.7458,,1.8713213982012233e-05,168000,,7896,2,136,0,0
2026-01-14 20:40:46,5260,0.8098,0.7535,,1.842382482997268e-05,168320,,8214,2,138,0,0
2026-01-14 20:41:48,5270,0.8113,0.7377,,1.8136463562478057e-05,168640,,8528,2,144,0,0
2026-01-14 20:42:50,5280,0.8128,0.7726,,1.785113732298016e-05,168960,,8845,2,147,0,0
2026-01-14 20:43:51,5290,0.8144,0.7863,,1.756785320434238e-05,169280,,9161,2,151,0,0
2026-01-14 20:44:57,5300,0.8159,0.7394,,1.7286618248663578e-05,169600,,9472,2,160,0,0
2026-01-14 20:46:01,5310,0.8174,0.7811,,1.7007439447102823e-05,169920,,9785,2,167,0,0
2026-01-14 20:47:06,5320,0.819,0.7687,,1.6730323739705776e-05,170240,,10099,2,173,0,0
2026-01-14 20:48:09,5330,0.8205,0.7684,,1.6455278015232e-05,170560,,10415,2,177,0,0
2026-01-14 20:49:14,5340,0.8221,0.7518,,1.618230911098385e-05,170880,,10729,2,183,0,0
2026-01-14 20:50:18,5350,0.8236,0.7627,,1.5911423812636472e-05,171200,,11041,2,191,0,0
2026-01-14 20:51:21,5360,0.8251,0.7541,,1.5642628854069065e-05,171520,,11357,2,195,0,0
2026-01-14 20:52:24,5370,0.8267,0.7734,,1.537593091719749e-05,171840,,11668,2,204,0,0
2026-01-14 20:53:24,5380,0.8282,0.8019,,1.5111336631808281e-05,172160,,11985,2,207,0,0
2026-01-14 20:54:30,5390,0.8298,0.7517,,1.48488525753937e-05,172480,,12299,2,213,0,0
2026-01-14 20:55:32,5400,0.8313,0.8121,,1.4588485272988327e-05,172800,,12613,2,219,0,0
2026-01-14 20:56:38,5410,0.8328,0.7643,,1.4330241197006756e-05,173120,,12928,2,224,0,0
2026-01-14 20:57:42,5420,0.8344,0.7737,,1.407412676708274e-05,173440,,13241,2,231,0,0
2026-01-14 20:58:44,5430,0.8359,0.766,,1.38201483499097e-05,173760,,13558,2,234,0,0
2026-01-14 20:59:47,5440,0.8375,0.7704,,1.3568312259082338e-05,174080,,13870,2,242,0,0
2026-01-14 21:00:50,5450,0.839,0.7428,,1.3318624754939712e-05,174400,,14188,2,244,0,0
2026-01-14 21:01:53,5460,0.8405,0.7492,,1.3071092044409604e-05,174720,,14503,3,248,0,0
2026-01-14 21:02:57,5470,0.8421,0.7815,,1.2825720280854314e-05,175040,,14817,3,254,0,0
2026-01-14 21:04:01,5480,0.8436,0.7869,,1.2582515563917575e-05,175360,,15135,3,256,0,0
2026-01-14 21:05:06,5490,0.8452,0.7283,,1.2341483939373032e-05,175680,,15445,3,266,0,0
2026-01-14 21:06:09,5500,0.8467,0.7715,,1.2102631398973819e-05,176000,,15760,3,271,0,0
2026-01-14 21:07:12,5510,0.8482,0.8013,,1.186596388030372e-05,176320,,16077,3,274,0,0
2026-01-14 21:08:14,5520,0.8498,0.7936,,1.1631487266629548e-05,176640,,16390,3,281,0,0
2026-01-14 21:09:16,5530,0.8513,0.7599,,1.1399207386754895e-05,176960,,16706,3,285,0,0
2026-01-14 21:10:20,5540,0.8529,0.7497,,1.1169130014875162e-05,177280,,17017,3,294,0,0
2026-01-14 21:11:24,5550,0.8544,0.7587,,1.0941260870434156e-05,177600,,17332,3,299,0,0
2026-01-14 21:12:28,5560,0.8559,0.7697,,1.0715605617981738e-05,177920,,17647,3,304,0,0
2026-01-14 21:13:31,5570,0.8575,0.7903,,1.0492169867033231e-05,178240,,17962,3,309,0,0
2026-01-14 21:14:34,5580,0.859,0.7495,,1.0270959171929718e-05,178560,,18275,3,316,0,0
2026-01-14 21:15:40,5590,0.8606,0.7601,,1.0051979031700176e-05,178880,,18587,3,324,0,0
2026-01-14 21:16:44,5600,0.8621,0.7664,,9.835234889924715e-06,179200,,18899,3,332,0,0
2026-01-14 21:17:47,5610,0.8636,0.7396,,9.620732134599187e-06,179520,,19210,3,341,0,0
2026-01-14 21:18:48,5620,0.8652,0.7822,,9.408476098001306e-06,179840,,19528,3,343,0,0
2026-01-14 21:19:53,5630,0.8667,0.7453,,9.198472056558126e-06,180160,,19841,3,350,0,0
2026-01-14 21:20:56,5640,0.8683,0.8229,,8.990725230714824e-06,180480,,20157,3,354,0,0
2026-01-14 21:21:59,5650,0.8698,0.7697,,8.78524078480496e-06,180800,,20469,3,362,0,0
2026-01-14 21:23:04,5660,0.8713,0.7723,,8.582023826922025e-06,181120,,20777,3,374,0,0
2026-01-14 21:24:06,5670,0.8729,0.7689,,8.381079408792547e-06,181440,,21095,3,376,0,0
2026-01-14 21:25:09,5680,0.8744,0.7504,,8.182412525650484e-06,181760,,21407,3,384,0,0
2026-01-14 21:26:12,5690,0.8759,0.7708,,7.986028116113053e-06,182080,,21723,3,388,0,0
2026-01-14 21:27:16,5700,0.8775,0.7599,,7.791931062057934e-06,182400,,22035,3,396,0,0
2026-01-14 21:28:20,5710,0.879,0.7528,,7.600126188501899e-06,182720,,22347,3,404,0,0
2026-01-14 21:29:23,5720,0.8806,0.7948,,7.410618263480951e-06,183040,,22661,3,410,0,0
2026-01-14 21:30:27,5730,0.8821,0.7487,,7.223411997931761e-06,183360,,22975,3,416,0,0
2026-01-14 21:31:29,5740,0.8836,0.7768,,7.038512045574464e-06,183680,,23290,3,421,0,0
2026-01-14 21:32:34,5750,0.8852,0.7469,,6.855923002797127e-06,184000,,23604,3,427,0,0
2026-01-14 21:33:36,5760,0.8867,0.8139,,6.675649408541351e-06,184320,,23922,3,429,0,0
2026-01-14 21:34:40,5770,0.8883,0.7963,,6.497695744189569e-06,184640,,24236,3,435,0,0
2026-01-14 21:35:42,5780,0.8898,0.746,,6.322066433453544e-06,184960,,24550,3,441,0,0
2026-01-14 21:36:45,5790,0.8913,0.7855,,6.148765842264404e-06,185280,,24863,3,448,0,0
2026-01-14 21:37:47,5800,0.8929,0.7622,,5.977798278664204e-06,185600,,25177,3,454,0,0
2026-01-14 21:38:48,5810,0.8944,0.7797,,5.809167992698705e-06,185920,,25494,3,457,0,0
2026-01-14 21:39:52,5820,0.896,0.7907,,5.642879176311844e-06,186240,,25809,3,462,0,0
2026-01-14 21:40:56,5830,0.8975,0.7485,,5.478935963241416e-06,186560,,26122,3,469,0,0
2026-01-14 21:42:00,5840,0.899,0.7417,,5.317342428916405e-06,186880,,26435,3,476,0,0
2026-01-14 21:43:02,5850,0.9006,0.7602,,5.1581025903556624e-06,187200,,26748,3,483,0,0
2026-01-14 21:44:06,5860,0.9021,0.7759,,5.0012204060679526e-06,187520,,27063,3,488,0,0
2026-01-14 21:45:11,5870,0.9037,0.7515,,4.846699775953667e-06,187840,,27371,3,500,0,0
2026-01-14 21:46:16,5880,0.9052,0.7667,,4.694544541207824e-06,188160,,27679,3,512,0,0
2026-01-14 21:47:19,5890,0.9067,0.7909,,4.544758484224598e-06,188480,,27993,3,518,0,0
2026-01-14 21:48:21,5900,0.9083,0.7498,,4.397345328503289e-06,188800,,28309,3,522,0,0
2026-01-14 21:49:23,5910,0.9098,0.7662,,4.2523087385557104e-06,189120,,28626,3,525,0,0
2026-01-14 21:50:25,5920,0.9114,0.7969,,4.109652319815183e-06,189440,,28943,3,528,0,0
2026-01-14 21:51:27,5930,0.9129,0.7913,,3.969379618546842e-06,189760,,29258,3,533,0,0
2026-01-14 21:52:32,5940,0.9144,0.7453,,3.8314941217595605e-06,190080,,29569,3,542,0,0
2026-01-14 21:53:34,5950,0.916,0.7649,,3.6959992571191204e-06,190400,,29886,3,545,0,0
2026-01-14 21:54:37,5960,0.9175,0.793,,3.5628983928631455e-06,190720,,30201,3,550,0,0
2026-01-14 21:55:39,5970,0.9191,0.7851,,3.4321948377173176e-06,191040,,30515,3,556,0,0
2026-01-14 21:56:43,5980,0.9206,0.786,,3.3038918408131447e-06,191360,,30831,3,560,0,0
2026-01-14 21:57:46,5990,0.9221,0.7566,,3.1779925916071263e-06,191680,,31148,3,563,0,0
2026-01-14 21:58:48,6000,0.9237,0.74,,3.0545002198015814e-06,192000,,31462,3,569,0,0
2026-01-14 22:32:08,6000,0.9237,,0.7692301869392395,,192000,,54154,3,987,0,0
2026-01-14 22:33:36,6010,0.9252,0.7635,,2.933417795266702e-06,192320,,54469,3,992,0,0
2026-01-14 22:34:41,6020,0.9268,0.768,,2.8147483279643894e-06,192640,,54780,3,1001,0,0
2026-01-14 22:35:45,6030,0.9283,0.7751,,2.6984947678733497e-06,192960,,55093,4,1007,0,0
2026-01-14 22:36:50,6040,0.9298,0.782,,2.5846600049157398e-06,193280,,55406,4,1014,0,0
2026-01-14 22:37:51,6050,0.9314,0.7907,,2.4732468688853926e-06,193600,,55725,4,1015,0,0
2026-01-14 22:38:54,6060,0.9329,0.7835,,2.3642581293774167e-06,193920,,56040,4,1020,0,0
2026-01-14 22:39:58,6070,0.9344,0.7684,,2.257696495719408e-06,194240,,56350,5,1029,0,0
2026-01-14 22:41:01,6080,0.936,0.7368,,2.1535646169040027e-06,194560,,56666,5,1033,0,0
2026-01-14 22:42:02,6090,0.9375,0.77,,2.05186508152313e-06,194880,,56982,5,1037,0,0
2026-01-14 22:43:03,6100,0.9391,0.762,,1.9526004177036204e-06,195200,,57298,5,1041,0,0
2026-01-14 22:44:05,6110,0.9406,0.7631,,1.8557730930443218e-06,195520,,57615,5,1044,0,0
2026-01-14 22:45:08,6120,0.9421,0.7687,,1.7613855145548252e-06,195840,,57929,5,1050,0,0
2026-01-14 22:46:11,6130,0.9437,0.752,,1.6694400285955925e-06,196160,,58243,5,1056,0,0
2026-01-14 22:47:14,6140,0.9452,0.7599,,1.5799389208196124e-06,196480,,58557,5,1062,0,0
2026-01-14 22:48:16,6150,0.9468,0.7817,,1.4928844161156585e-06,196800,,58872,5,1067,0,0
2026-01-14 22:49:21,6160,0.9483,0.7754,,1.4082786785528435e-06,197120,,59184,5,1075,0,0
2026-01-14 22:50:24,6170,0.9498,0.7685,,1.3261238113269625e-06,197440,,59500,5,1079,0,0
2026-01-14 22:51:28,6180,0.9514,0.7768,,1.2464218567081466e-06,197760,,59815,5,1084,0,0
2026-01-14 22:52:31,6190,0.9529,0.7465,,1.1691747959901134e-06,198080,,60130,5,1089,0,0
2026-01-14 22:53:33,6200,0.9545,0.8123,,1.0943845494408523e-06,198400,,60442,5,1097,0,0
2026-01-14 22:54:37,6210,0.956,0.7649,,1.0220529762549946e-06,198720,,60755,5,1104,0,0
2026-01-14 22:55:38,6220,0.9575,0.7729,,9.521818745075184e-07,199040,,61070,5,1109,0,0
2026-01-14 22:56:41,6230,0.9591,0.7345,,8.84772981109061e-07,199360,,61388,5,1111,0,0
2026-01-14 22:57:42,6240,0.9606,0.7931,,8.198279717627655e-07,199680,,61703,5,1116,0,0
2026-01-14 22:58:44,6250,0.9622,0.7622,,7.573484609226356e-07,200000,,62017,5,1122,0,0
2026-01-14 22:59:48,6260,0.9637,0.7541,,6.973360017533237e-07,200320,,62329,5,1130,0,0
2026-01-14 23:00:50,6270,0.9652,0.7652,,6.397920860916284e-07,200640,,62643,5,1136,0,0
2026-01-14 23:01:54,6280,0.9668,0.7658,,5.847181444093353e-07,200960,,62956,5,1143,0,0
2026-01-14 23:02:57,6290,0.9683,0.7473,,5.321155457776783e-07,201280,,63270,5,1149,0,0
2026-01-14 23:03:59,6300,0.9699,0.8001,,4.819855978333121e-07,201600,,63587,5,1152,0,0
2026-01-14 23:05:01,6310,0.9714,0.755,,4.3432954674581526e-07,201920,,63899,5,1160,0,0
2026-01-14 23:06:04,6320,0.9729,0.7673,,3.8914857718667096e-07,202240,,64215,5,1164,0,0
2026-01-14 23:07:08,6330,0.9745,0.7369,,3.46443812299857e-07,202560,,64524,5,1175,0,0
2026-01-14 23:08:09,6340,0.976,0.7475,,3.0621631367391267e-07,202880,,64842,5,1177,0,0
2026-01-14 23:09:12,6350,0.9776,0.7827,,2.6846708131555987e-07,203200,,65159,5,1180,0,0
2026-01-14 23:10:16,6360,0.9791,0.7798,,2.3319705362481182e-07,203520,,65470,5,1189,0,0
2026-01-14 23:11:18,6370,0.9806,0.7465,,2.0040710737169176e-07,203840,,65786,5,1193,0,0
2026-01-14 23:12:22,6380,0.9822,0.745,,1.7009805767439491e-07,204160,,66100,5,1199,0,0
2026-01-14 23:13:26,6390,0.9837,0.7838,,1.4227065797904893e-07,204480,,66418,5,1201,0,0
2026-01-14 23:14:28,6400,0.9853,0.7801,,1.1692560004099574e-07,204800,,66732,5,1207,0,0
2026-01-14 23:15:31,6410,0.9868,0.7634,,9.406351390753853e-08,205120,,67049,5,1210,0,0
2026-01-14 23:16:36,6420,0.9883,0.7707,,7.368496790236545e-08,205440,,67359,5,1220,0,0
2026-01-14 23:17:40,6430,0.9899,0.7807,,5.5790468611360835e-08,205760,,67672,5,1227,0,0
2026-01-14 23:18:43,6440,0.9914,0.7654,,4.0380460870004245e-08,206080,,67986,5,1233,0,0
2026-01-14 23:19:43,6450,0.9929,0.7681,,2.7455327752368143e-08,206400,,68306,5,1233,0,0
2026-01-14 23:20:47,6460,0.9945,0.7871,,1.7015390561547774e-08,206720,,68621,5,1238,0,0
2026-01-14 23:21:51,6470,0.996,0.7486,,9.060908821678648e-09,207040,,68934,5,1245,0,0
2026-01-14 23:22:52,6480,0.9976,0.7649,,3.5920802715305733e-09,207360,,69252,5,1247,0,0
2026-01-14 23:23:53,6490,0.9991,0.7351,,6.090408595116337e-10,207680,,69567,5,1252,0,0
2026-01-14 23:24:32,6496,1.0,,,,207872,18.131,69716,5,1254,0,0
