timestamp,step,epoch,train_loss,eval_loss,learning_rate,grad_norm,grad_norm_clipped,examples_seen,examples_per_sec,no_truncation,context_only_truncated,assistant_partial_loss,assistant_complete_loss,skipped_no_labels
2026-01-25 21:53:56,5,0.0031,0.8515,,1.226993865030675e-06,9.4712,1.0000,640,,760,1,15,0,0
2026-01-25 21:57:10,10,0.0062,0.8212,,2.7607361963190186e-06,6.8841,1.0000,1280,,1388,2,26,0,0
2026-01-25 22:00:41,15,0.0092,0.7937,,4.294478527607362e-06,5.4781,1.0000,1920,,2014,2,40,0,0
2026-01-25 22:04:05,20,0.0123,0.8054,,5.828220858895706e-06,5.5631,1.0000,2560,,2641,4,51,0,0
2026-01-25 22:07:31,25,0.0154,0.8142,,7.36196319018405e-06,5.3202,1.0000,3200,,3271,9,56,0,0
2026-01-25 22:10:52,30,0.0185,0.8036,,8.895705521472392e-06,5.7162,1.0000,3840,,3898,11,67,0,0
2026-01-25 22:14:19,35,0.0216,0.8096,,1.0429447852760736e-05,5.3282,1.0000,4480,,4522,13,81,0,0
2026-01-25 22:17:36,40,0.0246,0.7926,,1.196319018404908e-05,6.2151,1.0000,5120,,5148,17,91,0,0
2026-01-25 22:21:01,45,0.0277,0.7984,,1.3496932515337424e-05,4.5643,1.0000,5760,,5778,20,98,0,0
2026-01-25 22:24:20,50,0.0308,0.79,,1.5030674846625767e-05,4.7792,1.0000,6400,,6408,20,108,0,0
2026-01-25 22:27:41,55,0.0339,0.8221,,1.656441717791411e-05,4.1877,1.0000,7040,,7031,20,125,0,0
2026-01-25 22:31:01,60,0.0369,0.8151,,1.8098159509202455e-05,4.5213,1.0000,7680,,7663,22,131,0,0
2026-01-25 22:34:20,65,0.04,0.8297,,1.96319018404908e-05,4.2930,1.0000,8320,,8287,24,145,0,0
2026-01-25 22:37:50,70,0.0431,0.812,,2.1165644171779142e-05,4.1211,1.0000,8960,,8909,27,160,0,0
2026-01-25 22:41:13,75,0.0462,0.8261,,2.2699386503067484e-05,4.6558,1.0000,9600,,9535,32,169,0,0
2026-01-25 22:44:33,80,0.0493,0.8449,,2.423312883435583e-05,3.8849,1.0000,10240,,10163,35,178,0,0
2026-01-25 22:47:48,85,0.0523,0.8244,,2.5766871165644174e-05,3.6612,1.0000,10880,,10795,36,185,0,0
2026-01-25 22:51:08,90,0.0554,0.8438,,2.7300613496932515e-05,3.8286,1.0000,11520,,11429,36,191,0,0
2026-01-25 22:54:25,95,0.0585,0.8614,,2.883435582822086e-05,3.6064,1.0000,12160,,12061,38,197,0,0
2026-01-25 22:57:49,100,0.0616,0.8417,,3.0368098159509205e-05,3.3077,1.0000,12800,,12688,40,208,0,0
2026-01-25 23:01:10,105,0.0647,0.8413,,3.1901840490797544e-05,3.3064,1.0000,13440,,13317,43,216,0,0
2026-01-25 23:04:31,110,0.0677,0.873,,3.3435582822085895e-05,3.5271,1.0000,14080,,13945,48,223,0,0
2026-01-25 23:07:53,115,0.0708,0.8763,,3.4969325153374234e-05,3.2608,1.0000,14720,,14577,51,228,0,0
2026-01-25 23:11:13,120,0.0739,0.9084,,3.650306748466258e-05,3.3121,1.0000,15360,,15204,51,241,0,0
2026-01-25 23:14:37,125,0.077,0.8995,,3.8036809815950924e-05,3.4711,1.0000,16000,,15830,53,253,0,0
2026-01-25 23:17:55,130,0.08,0.8995,,3.957055214723926e-05,3.1634,1.0000,16640,,16460,54,262,0,0
2026-01-25 23:21:12,135,0.0831,0.8727,,4.1104294478527614e-05,3.2409,1.0000,17280,,17090,55,271,0,0
2026-01-25 23:24:28,140,0.0862,0.9057,,4.263803680981595e-05,3.0758,1.0000,17920,,17722,59,275,0,0
2026-01-25 23:27:44,145,0.0893,0.949,,4.41717791411043e-05,3.0790,1.0000,18560,,18355,62,279,0,0
2026-01-25 23:31:14,150,0.0924,0.9164,,4.570552147239264e-05,4.0336,1.0000,19200,,18981,63,292,0,0
2026-01-25 23:34:36,155,0.0954,0.9234,,4.723926380368098e-05,3.3396,1.0000,19840,,19606,63,307,0,0
2026-01-25 23:38:04,160,0.0985,0.9361,,4.877300613496933e-05,3.3002,1.0000,20480,,20229,65,322,0,0
2026-01-25 23:41:35,165,0.1016,0.9261,,4.999994220248596e-05,3.0827,1.0000,21120,,20856,66,334,0,0
2026-01-25 23:44:54,170,0.1047,0.9627,,4.9997919317554885e-05,3.1210,1.0000,21760,,21489,66,341,0,0
2026-01-25 23:48:12,175,0.1078,0.9625,,4.999300682416021e-05,3.2697,1.0000,22400,,22115,67,354,0,0
2026-01-25 23:51:35,180,0.1108,0.9502,,4.99852052901565e-05,3.1265,1.0000,23040,,22745,68,363,0,0
2026-01-25 23:55:05,185,0.1139,0.9613,,4.997451561735395e-05,2.9914,1.0000,23680,,23368,70,378,0,0
2026-01-25 23:58:30,190,0.117,0.9437,,4.996093904141417e-05,3.3127,1.0000,24320,,23992,75,389,0,0
2026-01-26 00:01:56,195,0.1201,0.9764,,4.9944477131707314e-05,3.1626,1.0000,24960,,24619,80,397,0,0
2026-01-26 00:05:20,200,0.1232,0.9837,,4.992513179113071e-05,3.3924,1.0000,25600,,25248,81,407,0,0
2026-01-26 00:08:48,205,0.1262,0.9546,,4.9902905255888857e-05,3.0240,1.0000,26240,,25872,82,422,0,0
2026-01-26 00:12:08,210,0.1293,0.9711,,4.987780009523497e-05,3.1770,1.0000,26880,,26505,82,429,0,0
2026-01-26 00:15:36,215,0.1324,0.9821,,4.984981921117395e-05,3.3162,1.0000,27520,,27137,84,435,0,0
2026-01-26 00:19:02,220,0.1355,0.9995,,4.981896583812699e-05,3.2324,1.0000,28160,,27765,87,444,0,0
2026-01-26 00:22:21,225,0.1385,0.9948,,4.97852435425576e-05,3.5306,1.0000,28800,,28397,87,452,0,0
2026-01-26 00:25:41,230,0.1416,0.995,,4.974865622255945e-05,3.1167,1.0000,29440,,29030,87,459,0,0
2026-01-26 00:28:59,235,0.1447,1.0099,,4.9709208107405726e-05,3.1494,1.0000,30080,,29661,89,466,0,0
2026-01-26 00:32:30,240,0.1478,0.9898,,4.966690375706022e-05,3.0994,1.0000,30720,,30287,91,478,0,0
2026-01-26 00:35:56,245,0.1509,1.0013,,4.9621748061650274e-05,3.0001,1.0000,31360,,30915,92,489,0,0
2026-01-26 00:39:20,250,0.1539,1.0008,,4.957374624090152e-05,3.2188,1.0000,32000,,31546,93,497,0,0
2026-01-26 01:15:34,250,0.1539,,0.9911065697669983,,,,32000,,54238,176,832,0,0
2026-01-26 01:19:01,255,0.157,0.9891,,4.952290384353444e-05,3.0940,1.0000,32640,,54865,177,844,0,0
2026-01-26 01:22:26,260,0.1601,1.0194,,4.946922674662304e-05,3.1382,1.0000,33280,,55497,178,851,0,0
2026-01-26 01:25:48,265,0.1632,0.9938,,4.9412721154915475e-05,3.1372,1.0000,33920,,56125,183,858,0,0
2026-01-26 01:29:14,270,0.1663,1.0205,,4.935339360011681e-05,3.2304,1.0000,34560,,56756,184,866,0,0
2026-01-26 01:32:41,275,0.1693,1.0174,,4.929125094013396e-05,2.8836,1.0000,35200,,57383,188,875,0,0
2026-01-26 01:36:06,280,0.1724,1.0157,,4.922630035828305e-05,2.9085,1.0000,35840,,58007,192,887,0,0
2026-01-26 01:39:23,285,0.1755,1.0104,,4.915854936245897e-05,2.9741,1.0000,36480,,58636,193,897,0,0
2026-01-26 01:42:51,290,0.1786,0.9975,,4.9088005784267564e-05,2.8776,1.0000,37120,,59265,197,904,0,0
2026-01-26 01:46:12,295,0.1817,1.0062,,4.9014677778120326e-05,3.2957,1.0000,37760,,59897,198,911,0,0
2026-01-26 01:49:35,300,0.1847,1.0182,,4.89385738202918e-05,2.7903,1.0000,38400,,60527,201,918,0,0
2026-01-26 01:52:46,305,0.1878,1.0166,,4.885970270793978e-05,2.9499,1.0000,39040,,61162,202,922,0,0
2026-01-26 01:56:13,310,0.1909,1.0044,,4.877807355808839e-05,3.0101,1.0000,39680,,61786,204,936,0,0
2026-01-26 01:59:40,315,0.194,1.0062,,4.869369580657426e-05,2.8737,1.0000,40320,,62416,208,942,0,0
2026-01-26 02:03:08,320,0.197,1.0379,,4.8606579206955735e-05,2.9221,1.0000,40960,,63040,211,955,0,0
2026-01-26 02:06:34,325,0.2001,1.0138,,4.8516733829385476e-05,3.1077,1.0000,41600,,63672,213,961,0,0
2026-01-26 02:09:57,330,0.2032,0.9903,,4.842417005944637e-05,2.9280,1.0000,42240,,64301,214,971,0,0
2026-01-26 02:13:26,335,0.2063,0.9963,,4.8328898596951076e-05,2.9966,1.0000,42880,,64934,216,976,0,0
2026-01-26 02:16:49,340,0.2094,1.0072,,4.823093045470513e-05,3.0461,1.0000,43520,,65564,218,984,0,0
2026-01-26 02:20:10,345,0.2124,1.0098,,4.8130276957233956e-05,2.9374,1.0000,44160,,66191,220,995,0,0
2026-01-26 02:23:35,350,0.2155,1.0064,,4.8026949739473824e-05,2.8014,1.0000,44800,,66815,223,1008,0,0
2026-01-26 02:26:57,355,0.2186,1.0079,,4.792096074542692e-05,3.0302,1.0000,45440,,67441,224,1021,0,0
2026-01-26 02:30:16,360,0.2217,1.0302,,4.7812322226780695e-05,2.9904,1.0000,46080,,68071,226,1029,0,0
2026-01-26 02:33:42,365,0.2248,0.9984,,4.770104674149162e-05,2.8618,1.0000,46720,,68700,227,1039,0,0
2026-01-26 02:37:00,370,0.2278,1.0175,,4.758714715233361e-05,2.8582,1.0000,47360,,69332,230,1044,0,0
2026-01-26 02:40:26,375,0.2309,0.9971,,4.7470636625411104e-05,2.8935,1.0000,48000,,69961,232,1053,0,0
2026-01-26 02:43:51,380,0.234,1.0091,,4.735152862863719e-05,2.8272,1.0000,48640,,70588,235,1063,0,0
2026-01-26 02:47:04,385,0.2371,1.0319,,4.7229836930176785e-05,3.1612,1.0000,49280,,71223,236,1067,0,0
2026-01-26 02:50:29,390,0.2401,1.0086,,4.7105575596855095e-05,2.7043,1.0000,49920,,71849,239,1078,0,0
2026-01-26 02:53:49,395,0.2432,0.9978,,4.697875899253161e-05,3.0700,1.0000,50560,,72481,240,1085,0,0
2026-01-26 02:57:13,400,0.2463,1.0159,,4.68494017764397e-05,2.9233,1.0000,51200,,73108,242,1096,0,0
2026-01-26 03:00:30,405,0.2494,1.0126,,4.671751890149212e-05,2.9242,1.0000,51840,,73741,244,1101,0,0
2026-01-26 03:03:58,410,0.2525,1.0001,,4.658312561255252e-05,3.0015,1.0000,52480,,74368,245,1113,0,0
2026-01-26 03:07:21,415,0.2555,1.0006,,4.644623744467326e-05,2.8810,1.0000,53120,,74997,249,1120,0,0
2026-01-26 03:10:38,420,0.2586,1.0031,,4.6306870221299595e-05,2.7133,1.0000,53760,,75630,249,1127,0,0
2026-01-26 03:14:01,425,0.2617,1.0031,,4.616504005244067e-05,2.8358,1.0000,54400,,76255,252,1139,0,0
2026-01-26 03:17:25,430,0.2648,1.0062,,4.602076333280722e-05,2.7744,1.0000,55040,,76883,254,1149,0,0
2026-01-26 03:20:50,435,0.2679,0.9953,,4.587405673991647e-05,2.8132,1.0000,55680,,77511,256,1159,0,0
2026-01-26 03:24:11,440,0.2709,1.0155,,4.572493723216432e-05,2.9224,1.0000,56320,,78138,258,1170,0,0
2026-01-26 03:27:41,445,0.274,0.9965,,4.5573422046865066e-05,2.6202,1.0000,56960,,78763,260,1183,0,0
2026-01-26 03:31:05,450,0.2771,1.005,,4.541952869825883e-05,2.7244,1.0000,57600,,79392,261,1193,0,0
2026-01-26 03:34:33,455,0.2802,1.0043,,4.526327497548706e-05,2.7188,1.0000,58240,,80016,266,1204,0,0
2026-01-26 03:37:51,460,0.2833,1.0174,,4.5104678940536205e-05,2.8195,1.0000,58880,,80637,272,1217,0,0
2026-01-26 03:41:17,465,0.2863,1.009,,4.4943758926149836e-05,2.9735,1.0000,59520,,81271,272,1223,0,0
2026-01-26 03:44:43,470,0.2894,1.0209,,4.4780533533709524e-05,2.7458,1.0000,60160,,81903,275,1228,0,0
2026-01-26 03:48:09,475,0.2925,0.9918,,4.461502163108461e-05,2.6909,1.0000,60800,,82532,276,1238,0,0
2026-01-26 03:51:34,480,0.2956,1.0065,,4.444724235045119e-05,2.7279,1.0000,61440,,83162,277,1247,0,0
2026-01-26 03:54:55,485,0.2986,1.0007,,4.427721508608059e-05,2.6384,1.0000,62080,,83783,280,1263,0,0
2026-01-26 03:58:27,490,0.3017,0.9765,,4.410495949209743e-05,2.6704,1.0000,62720,,84409,281,1276,0,0
2026-01-26 04:01:48,495,0.3048,1.0057,,4.393049548020782e-05,2.5239,1.0000,63360,,85038,281,1287,0,0
2026-01-26 04:05:13,500,0.3079,0.9982,,4.3753843217397605e-05,2.6961,1.0000,64000,,85668,284,1294,0,0
2026-01-26 04:41:30,500,0.3079,,0.9919148683547974,,,,64000,,108360,367,1629,0,0
2026-01-26 04:45:29,505,0.311,0.9783,,4.357502312360124e-05,2.5288,1.0000,64640,,108986,369,1641,0,0
2026-01-26 04:48:56,510,0.314,0.9661,,4.339405586934133e-05,2.6732,1.0000,65280,,109612,371,1653,0,0
2026-01-26 04:52:22,515,0.3171,0.9881,,4.321096237333927e-05,2.6902,1.0000,65920,,110244,372,1660,0,0
2026-01-26 04:55:44,520,0.3202,1.0018,,4.302576380009714e-05,2.6432,1.0000,66560,,110869,373,1674,0,0
2026-01-26 04:59:05,525,0.3233,0.9809,,4.283848155745126e-05,2.6501,1.0000,67200,,111495,374,1687,0,0
2026-01-26 05:02:33,530,0.3264,0.9942,,4.2649137294097516e-05,2.7259,1.0000,67840,,112120,377,1699,0,0
2026-01-26 05:06:00,535,0.3294,0.9972,,4.2457752897088956e-05,2.5816,1.0000,68480,,112751,378,1707,0,0
2026-01-26 05:09:29,540,0.3325,1.0007,,4.226435048930574e-05,2.8183,1.0000,69120,,113378,381,1717,0,0
2026-01-26 05:12:52,545,0.3356,0.9987,,4.206895242689788e-05,2.8117,1.0000,69760,,114007,381,1728,0,0
2026-01-26 05:16:14,550,0.3387,0.9997,,4.187158129670102e-05,2.5640,1.0000,70400,,114639,385,1732,0,0
2026-01-26 05:19:40,555,0.3417,0.9694,,4.167225991362551e-05,2.7373,1.0000,71040,,115269,387,1740,0,0
2026-01-26 05:22:55,560,0.3448,1.0148,,4.147101131801916e-05,2.6700,1.0000,71680,,115901,390,1745,0,0
2026-01-26 05:26:23,565,0.3479,1.0197,,4.126785877300391e-05,2.8229,1.0000,72320,,116524,393,1759,0,0
2026-01-26 05:29:51,570,0.351,1.0099,,4.106282576178673e-05,2.6674,1.0000,72960,,117157,394,1765,0,0
2026-01-26 05:33:08,575,0.3541,1.0104,,4.0855935984945136e-05,2.7096,1.0000,73600,,117793,395,1768,0,0
2026-01-26 05:36:35,580,0.3571,0.99,,4.064721335768755e-05,2.5734,1.0000,74240,,118420,397,1779,0,0
2026-01-26 05:40:05,585,0.3602,0.9951,,4.04366820070888e-05,2.5193,1.0000,74880,,119047,398,1791,0,0
2026-01-26 05:43:31,590,0.3633,0.9772,,4.022436626930122e-05,2.6187,1.0000,75520,,119675,402,1799,0,0
2026-01-26 05:46:42,595,0.3664,1.0007,,4.001029068674153e-05,2.8148,1.0000,76160,,120305,405,1806,0,0
2026-01-26 05:50:11,600,0.3695,1.0006,,3.979448000525385e-05,2.6792,1.0000,76800,,120932,407,1817,0,0
2026-01-26 05:53:38,605,0.3725,0.9965,,3.957695917124932e-05,2.5647,1.0000,77440,,121559,409,1828,0,0
2026-01-26 05:57:08,610,0.3756,0.9973,,3.935775332882228e-05,2.6651,1.0000,78080,,122182,413,1841,0,0
2026-01-26 06:00:33,615,0.3787,1.0041,,3.913688781684394e-05,2.5981,1.0000,78720,,122810,417,1849,0,0
2026-01-26 06:04:01,620,0.3818,0.9829,,3.891438816603325e-05,2.5088,1.0000,79360,,123435,420,1861,0,0
2026-01-26 06:07:37,625,0.3849,0.9616,,3.869028009600578e-05,2.4893,1.0000,80000,,124061,421,1874,0,0
2026-01-26 06:11:03,630,0.3879,0.9884,,3.8464589512300584e-05,2.5680,1.0000,80640,,124684,425,1887,0,0
2026-01-26 06:14:24,635,0.391,0.9725,,3.823734250338579e-05,2.6495,1.0000,81280,,125318,427,1891,0,0
2026-01-26 06:17:47,640,0.3941,0.9701,,3.8008565337642835e-05,2.5537,1.0000,81920,,125943,428,1905,0,0
2026-01-26 06:21:15,645,0.3972,0.9977,,3.777828446033007e-05,2.4976,1.0000,82560,,126571,430,1915,0,0
2026-01-26 06:24:35,650,0.4002,0.9639,,3.754652649052582e-05,2.6143,1.0000,83200,,127196,434,1926,0,0
2026-01-26 06:28:06,655,0.4033,0.968,,3.731331821805136e-05,2.5867,1.0000,83840,,127819,436,1941,0,0
2026-01-26 06:31:30,660,0.4064,0.9982,,3.707868660037421e-05,2.8153,1.0000,84480,,128446,440,1950,0,0
2026-01-26 06:34:58,665,0.4095,0.9917,,3.684265875949201e-05,2.5677,1.0000,85120,,129073,443,1960,0,0
2026-01-26 06:38:19,670,0.4126,1.003,,3.660526197879731e-05,2.6687,1.0000,85760,,129701,447,1968,0,0
2026-01-26 06:41:44,675,0.4156,0.9645,,3.63665236999239e-05,2.5666,1.0000,86400,,130324,449,1983,0,0
2026-01-26 06:45:09,680,0.4187,0.9914,,3.612647151957462e-05,2.6427,1.0000,87040,,130952,452,1992,0,0
2026-01-26 06:48:38,685,0.4218,0.9682,,3.5885133186331395e-05,2.6971,1.0000,87680,,131581,453,2002,0,0
2026-01-26 06:52:02,690,0.4249,0.9816,,3.564253659744764e-05,2.5421,1.0000,88320,,132209,456,2011,0,0
2026-01-26 06:55:33,695,0.428,0.9905,,3.5398709795623545e-05,2.3655,1.0000,88960,,132833,459,2024,0,0
2026-01-26 06:58:53,700,0.431,0.9805,,3.5153680965764477e-05,2.7200,1.0000,89600,,133468,460,2028,0,0
2026-01-26 07:02:07,705,0.4341,1.0134,,3.490747843172295e-05,3.0629,1.0000,90240,,134098,461,2037,0,0
2026-01-26 07:05:25,710,0.4372,0.9937,,3.4660130653024644e-05,2.5495,1.0000,90880,,134723,463,2050,0,0
2026-01-26 07:08:45,715,0.4403,0.9932,,3.4411666221578576e-05,2.5605,1.0000,91520,,135353,464,2059,0,0
2026-01-26 07:12:10,720,0.4433,0.9847,,3.416211385837206e-05,2.5724,1.0000,92160,,135981,467,2068,0,0
2026-01-26 07:15:38,725,0.4464,0.9791,,3.3911502410150776e-05,2.5716,1.0000,92800,,136608,468,2080,0,0
2026-01-26 07:19:01,730,0.4495,0.9696,,3.3659860846084226e-05,2.4137,1.0000,93440,,137234,473,2089,0,0
2026-01-26 07:22:23,735,0.4526,0.9827,,3.340721825441708e-05,2.4842,1.0000,94080,,137864,475,2097,0,0
2026-01-26 07:25:40,740,0.4557,0.9586,,3.315360383910674e-05,2.4100,1.0000,94720,,138493,475,2108,0,0
2026-01-26 07:29:00,745,0.4587,0.9534,,3.289904691644758e-05,2.3736,1.0000,95360,,139121,477,2118,0,0
2026-01-26 07:32:29,750,0.4618,0.971,,3.264357691168208e-05,2.3992,1.0000,96000,,139753,477,2126,0,0
2026-01-26 08:08:45,750,0.4618,,0.9591670036315918,,,,96000,,162445,560,2461,0,0
2026-01-26 08:12:12,755,0.4649,0.9463,,3.238722335559956e-05,2.3175,1.0000,96640,,163073,562,2471,0,0
2026-01-26 08:15:30,760,0.468,0.9715,,3.213001588112248e-05,2.5728,1.0000,97280,,163696,566,2484,0,0
2026-01-26 08:18:53,765,0.4711,0.9695,,3.187198421988113e-05,2.4307,1.0000,97920,,164328,569,2489,0,0
2026-01-26 08:22:17,770,0.4741,0.9706,,3.161315819877683e-05,2.6344,1.0000,98560,,164954,573,2499,0,0
2026-01-26 08:25:48,775,0.4772,0.982,,3.135356773653405e-05,2.8968,1.0000,99200,,165580,574,2512,0,0
2026-01-26 08:29:12,780,0.4803,0.9574,,3.10932428402421e-05,2.5593,1.0000,99840,,166206,576,2524,0,0
2026-01-26 08:32:34,785,0.4834,0.9491,,3.083221360188638e-05,2.4848,1.0000,100480,,166832,581,2533,0,0
2026-01-26 08:35:47,790,0.4865,0.9652,,3.057051019487001e-05,2.5035,1.0000,101120,,167466,582,2538,0,0
2026-01-26 08:39:10,795,0.4895,0.978,,3.030816287052591e-05,2.7280,1.0000,101760,,168095,582,2549,0,0
2026-01-26 08:42:33,800,0.4926,0.9578,,3.0045201954619963e-05,2.3094,1.0000,102400,,168723,583,2560,0,0
2026-01-26 08:45:56,805,0.4957,0.9859,,2.9781657843845544e-05,2.4560,1.0000,103040,,169352,586,2568,0,0
2026-01-26 08:49:17,810,0.4988,0.9614,,2.951756100230981e-05,2.5789,1.0000,103680,,169985,588,2573,0,0
2026-01-26 08:52:35,815,0.5018,0.9701,,2.925294195801227e-05,2.3718,1.0000,104320,,170613,591,2582,0,0
2026-01-26 08:55:55,820,0.5049,0.9739,,2.898783129931591e-05,7.9888,1.0000,104960,,171242,595,2589,0,0
2026-01-26 08:59:12,825,0.508,0.9565,,2.8722259671411368e-05,2.5020,1.0000,105600,,171873,598,2595,0,0
2026-01-26 09:02:41,830,0.5111,0.9497,,2.8456257772774554e-05,2.3919,1.0000,106240,,172500,600,2606,0,0
2026-01-26 09:06:03,835,0.5142,0.9369,,2.818985635161805e-05,2.7066,1.0000,106880,,173132,601,2613,0,0
2026-01-26 09:09:23,840,0.5172,0.9756,,2.792308620233685e-05,2.4527,1.0000,107520,,173759,604,2623,0,0
2026-01-26 09:12:46,845,0.5203,0.9555,,2.7655978161948682e-05,2.5458,1.0000,108160,,174389,606,2631,0,0
2026-01-26 09:16:15,850,0.5234,0.9438,,2.7388563106529453e-05,2.2670,1.0000,108800,,175015,608,2643,0,0
2026-01-26 09:19:41,855,0.5265,0.9769,,2.7120871947644134e-05,2.2980,1.0000,109440,,175647,609,2650,0,0
2026-01-26 09:23:05,860,0.5296,0.9204,,2.6852935628773608e-05,2.3923,1.0000,110080,,176275,612,2659,0,0
2026-01-26 09:26:27,865,0.5326,0.942,,2.658478512173776e-05,2.3361,1.0000,110720,,176902,612,2672,0,0
2026-01-26 09:30:01,870,0.5357,0.9353,,2.6316451423115346e-05,2.4639,1.0000,111360,,177521,617,2688,0,0
2026-01-26 09:33:30,875,0.5388,0.9669,,2.6047965550660947e-05,2.2845,1.0000,112000,,178142,624,2700,0,0
2026-01-26 09:36:53,880,0.5419,0.963,,2.577935853971953e-05,2.6765,1.0000,112640,,178769,627,2710,0,0
2026-01-26 09:40:21,885,0.545,0.9455,,2.551066143963893e-05,2.2958,1.0000,113280,,179397,628,2721,0,0
2026-01-26 09:43:52,890,0.548,0.9193,,2.5241905310180765e-05,2.3481,1.0000,113920,,180019,630,2737,0,0
2026-01-26 09:47:20,895,0.5511,0.9452,,2.4973121217930055e-05,2.3948,1.0000,114560,,180646,632,2748,0,0
2026-01-26 09:50:47,900,0.5542,0.9386,,2.470434023270419e-05,2.3487,1.0000,115200,,181276,633,2757,0,0
2026-01-26 09:54:04,905,0.5573,0.9314,,2.4435593423961367e-05,2.3574,1.0000,115840,,181904,636,2766,0,0
2026-01-26 09:57:30,910,0.5603,0.9358,,2.4166911857209222e-05,2.2481,1.0000,116480,,182529,639,2778,0,0
2026-01-26 10:00:51,915,0.5634,0.9351,,2.38983265904138e-05,2.3665,1.0000,117120,,183158,642,2786,0,0
2026-01-26 10:04:32,920,0.5665,0.9231,,2.3629868670409445e-05,2.2462,1.0000,117760,,183778,647,2801,0,0
2026-01-26 10:07:49,925,0.5696,0.9391,,2.3361569129309986e-05,2.4933,1.0000,118400,,184406,650,2810,0,0
2026-01-26 10:11:19,930,0.5727,0.9265,,2.309345898092161e-05,2.2585,1.0000,119040,,185030,654,2822,0,0
2026-01-26 10:14:37,935,0.5757,0.9436,,2.282556921715785e-05,2.5643,1.0000,119680,,185663,654,2829,0,0
2026-01-26 10:17:58,940,0.5788,0.9395,,2.25579308044571e-05,2.4614,1.0000,120320,,186292,657,2837,0,0
2026-01-26 10:21:16,945,0.5819,0.9331,,2.2290574680203102e-05,2.4433,1.0000,120960,,186922,659,2845,0,0
2026-01-26 10:24:45,950,0.585,0.9247,,2.2023531749148754e-05,2.3346,1.0000,121600,,187548,662,2856,0,0
2026-01-26 10:28:12,955,0.5881,0.9219,,2.1756832879843696e-05,2.3007,1.0000,122240,,188178,662,2866,0,0
2026-01-26 10:31:27,960,0.5911,0.9171,,2.1490508901066147e-05,2.3278,1.0000,122880,,188809,663,2874,0,0
2026-01-26 10:34:54,965,0.5942,0.9267,,2.1224590598259207e-05,2.3109,1.0000,123520,,189439,666,2881,0,0
2026-01-26 10:38:23,970,0.5973,0.9105,,2.0959108709972296e-05,2.4645,1.0000,124160,,190063,672,2891,0,0
2026-01-26 10:41:48,975,0.6004,0.9176,,2.0694093924307963e-05,2.4558,1.0000,124800,,190693,673,2900,0,0
2026-01-26 10:45:13,980,0.6034,0.9166,,2.042957687537451e-05,2.2442,1.0000,125440,,191324,674,2908,0,0
2026-01-26 10:48:37,985,0.6065,0.9079,,2.0165588139744857e-05,2.3043,1.0000,126080,,191947,675,2924,0,0
2026-01-26 10:51:56,990,0.6096,0.9261,,1.9902158232922143e-05,2.4507,1.0000,126720,,192580,677,2929,0,0
2026-01-26 10:55:23,995,0.6127,0.9299,,1.963931760581223e-05,2.1288,1.0000,127360,,193205,681,2940,0,0
2026-01-26 10:58:39,1000,0.6158,0.9542,,1.9377096641203836e-05,2.4113,1.0000,128000,,193839,682,2945,0,0
2026-01-26 11:34:58,1000,0.6158,,0.9166234731674194,,,,128000,,216531,765,3280,0,0
2026-01-26 11:38:45,1005,0.6188,0.9182,,1.9115525650256415e-05,2.2315,1.0000,128640,,217162,766,3288,0,0
2026-01-26 11:42:12,1010,0.6219,0.9332,,1.8854634868996397e-05,2.3142,1.0000,129280,,217789,767,3300,0,0
2026-01-26 11:45:32,1015,0.625,0.9025,,1.8594454454822097e-05,2.3182,1.0000,129920,,218419,770,3307,0,0
2026-01-26 11:48:52,1020,0.6281,0.9345,,1.8335014483017666e-05,2.4087,1.0000,130560,,219047,770,3319,0,0
2026-01-26 11:52:18,1025,0.6312,0.9174,,1.807634494327659e-05,2.3120,1.0000,131200,,219671,771,3334,0,0
2026-01-26 11:55:41,1030,0.6342,0.9226,,1.7818475736235092e-05,2.3242,1.0000,131840,,220302,774,3340,0,0
2026-01-26 11:58:53,1035,0.6373,0.9379,,1.7561436670015726e-05,2.3946,1.0000,132480,,220935,775,3346,0,0
2026-01-26 12:02:17,1040,0.6404,0.9415,,1.730525745678182e-05,2.3469,1.0000,133120,,221565,777,3354,0,0
2026-01-26 12:05:30,1045,0.6435,0.9113,,1.7049967709302873e-05,2.3070,1.0000,133760,,222195,777,3364,0,0
2026-01-26 12:08:52,1050,0.6466,0.9377,,1.6795596937531504e-05,2.2967,1.0000,134400,,222822,778,3376,0,0
2026-01-26 12:12:24,1055,0.6496,0.9169,,1.6542174545192324e-05,2.4016,1.0000,135040,,223450,780,3386,0,0
2026-01-26 12:15:54,1060,0.6527,0.935,,1.628972982638299e-05,2.3219,1.0000,135680,,224080,781,3395,0,0
2026-01-26 12:19:11,1065,0.6558,0.9402,,1.6038291962187982e-05,2.4506,1.0000,136320,,224710,782,3404,0,0
2026-01-26 12:22:29,1070,0.6589,0.9335,,1.5787890017305528e-05,2.3401,1.0000,136960,,225338,782,3416,0,0
2026-01-26 12:25:53,1075,0.6619,0.9296,,1.5538552936687782e-05,2.2416,1.0000,137600,,225967,783,3426,0,0
2026-01-26 12:29:13,1080,0.665,0.9238,,1.5290309542195073e-05,2.3308,1.0000,138240,,226595,783,3438,0,0
2026-01-26 12:32:43,1085,0.6681,0.9142,,1.5043188529264177e-05,2.2814,1.0000,138880,,227219,786,3451,0,0
2026-01-26 12:36:13,1090,0.6712,0.913,,1.4797218463591353e-05,2.2002,1.0000,139520,,227841,789,3466,0,0
2026-01-26 12:39:42,1095,0.6743,0.901,,1.455242777783034e-05,2.2349,1.0000,140160,,228469,793,3474,0,0
2026-01-26 12:42:54,1100,0.6773,0.9143,,1.4308844768305646e-05,2.2279,1.0000,140800,,229102,793,3481,0,0
2026-01-26 12:46:22,1105,0.6804,0.9323,,1.4066497591741701e-05,2.1573,1.0000,141440,,229734,796,3486,0,0
2026-01-26 12:49:36,1110,0.6835,0.8995,,1.3825414262008151e-05,2.2975,1.0000,142080,,230364,797,3495,0,0
2026-01-26 12:52:57,1115,0.6866,0.8965,,1.3585622646881538e-05,2.3759,1.0000,142720,,230993,797,3506,0,0
2026-01-26 12:56:15,1120,0.6897,0.8969,,1.3347150464824034e-05,2.3002,1.0000,143360,,231622,798,3516,0,0
2026-01-26 12:59:47,1125,0.6927,0.8956,,1.3110025281779293e-05,2.2532,1.0000,144000,,232244,802,3530,0,0
2026-01-26 13:03:10,1130,0.6958,0.9259,,1.2874274507986023e-05,2.2384,1.0000,144640,,232871,804,3541,0,0
2026-01-26 13:06:35,1135,0.6989,0.9159,,1.2639925394809544e-05,2.3034,1.0000,145280,,233501,805,3550,0,0
2026-01-26 13:10:01,1140,0.702,0.9193,,1.240700503159166e-05,2.2650,1.0000,145920,,234124,809,3563,0,0
2026-01-26 13:13:32,1145,0.705,0.909,,1.2175540342519304e-05,2.2319,1.0000,146560,,234750,812,3574,0,0
2026-01-26 13:16:56,1150,0.7081,0.9085,,1.1945558083512298e-05,2.2747,1.0000,147200,,235374,813,3589,0,0
2026-01-26 13:20:24,1155,0.7112,0.9219,,1.1717084839130468e-05,2.2396,1.0000,147840,,235997,816,3603,0,0
2026-01-26 13:23:58,1160,0.7143,0.8977,,1.1490147019500708e-05,2.2368,1.0000,148480,,236618,820,3618,0,0
2026-01-26 13:27:23,1165,0.7174,0.9002,,1.126477085726405e-05,3.4550,1.0000,149120,,237238,823,3635,0,0
2026-01-26 13:30:46,1170,0.7204,0.9127,,1.1040982404543368e-05,2.2625,1.0000,149760,,237860,825,3651,0,0
2026-01-26 13:34:07,1175,0.7235,0.8915,,1.0818807529931935e-05,2.2520,1.0000,150400,,238487,828,3661,0,0
2026-01-26 13:37:24,1180,0.7266,0.8978,,1.0598271915503114e-05,2.3183,1.0000,151040,,239116,833,3667,0,0
2026-01-26 13:40:53,1185,0.7297,0.8864,,1.0379401053841695e-05,2.3140,1.0000,151680,,239738,835,3683,0,0
2026-01-26 13:44:18,1190,0.7328,0.8864,,1.0162220245097132e-05,2.1623,1.0000,152320,,240367,837,3692,0,0
2026-01-26 13:47:45,1195,0.7358,0.8862,,9.946754594058933e-06,2.2187,1.0000,152960,,240991,840,3705,0,0
2026-01-26 13:51:05,1200,0.7389,0.9101,,9.733029007254769e-06,2.2643,1.0000,153600,,241617,843,3716,0,0
2026-01-26 13:54:29,1205,0.742,0.8982,,9.52106819007138e-06,2.2959,1.0000,154240,,242246,845,3725,0,0
2026-01-26 13:57:51,1210,0.7451,0.8908,,9.310896643898792e-06,2.2812,1.0000,154880,,242880,846,3730,0,0
2026-01-26 14:01:13,1215,0.7482,0.8857,,9.102538663298135e-06,2.3060,1.0000,155520,,243508,851,3737,0,0
2026-01-26 14:04:34,1220,0.7512,0.8912,,8.896018333193287e-06,2.2140,1.0000,156160,,244143,851,3742,0,0
2026-01-26 14:07:48,1225,0.7543,0.8904,,8.691359526086858e-06,2.3510,1.0000,156800,,244768,856,3752,0,0
2026-01-26 14:11:13,1230,0.7574,0.897,,8.488585899300622e-06,2.3451,1.0000,157440,,245398,858,3760,0,0
2026-01-26 14:14:35,1235,0.7605,0.9239,,8.287720892240893e-06,2.4640,1.0000,158080,,246032,858,3766,0,0
2026-01-26 14:17:56,1240,0.7635,0.9174,,8.088787723689106e-06,2.1991,1.0000,158720,,246660,861,3775,0,0
2026-01-26 14:21:08,1245,0.7666,0.9085,,7.891809389117799e-06,2.3324,1.0000,159360,,247292,862,3782,0,0
2026-01-26 14:24:38,1250,0.7697,0.889,,7.696808658032525e-06,2.1698,1.0000,160000,,247916,865,3795,0,0
2026-01-26 15:00:57,1250,0.7697,,0.8829323649406433,,,,160000,,270608,948,4130,0,0
2026-01-26 15:04:23,1255,0.7728,0.8983,,7.50380807133983e-06,2.3130,1.0000,160640,,271238,950,4138,0,0
2026-01-26 15:07:50,1260,0.7759,0.8672,,7.31282993874163e-06,2.3440,1.0000,161280,,271869,952,4145,0,0
2026-01-26 15:11:07,1265,0.7789,0.9038,,7.123896336156391e-06,2.3150,1.0000,161920,,272496,954,4156,0,0
2026-01-26 15:14:35,1270,0.782,0.8692,,6.9370291031672365e-06,2.1956,1.0000,162560,,273126,955,4165,0,0
2026-01-26 15:17:53,1275,0.7851,0.8818,,6.752249840497451e-06,2.2175,1.0000,163200,,273758,956,4172,0,0
2026-01-26 15:21:18,1280,0.7882,0.882,,6.569579907513587e-06,2.2736,1.0000,163840,,274385,958,4183,0,0
2026-01-26 15:24:39,1285,0.7913,0.868,,6.389040419756398e-06,2.2790,1.0000,164480,,275014,959,4193,0,0
2026-01-26 15:27:58,1290,0.7943,0.9001,,6.210652246500045e-06,2.1709,1.0000,165120,,275639,964,4203,0,0
2026-01-26 15:31:20,1295,0.7974,0.8795,,6.03443600833975e-06,2.2142,1.0000,165760,,276270,965,4211,0,0
2026-01-26 15:34:42,1300,0.8005,0.8769,,5.860412074808125e-06,2.2501,1.0000,166400,,276901,967,4218,0,0
2026-01-26 15:38:01,1305,0.8036,0.8852,,5.688600562020646e-06,2.3542,1.0000,167040,,277531,969,4226,0,0
2026-01-26 15:41:30,1310,0.8067,0.8788,,5.519021330350288e-06,2.1413,1.0000,167680,,278154,973,4239,0,0
2026-01-26 15:44:54,1315,0.8097,0.8632,,5.35169398213182e-06,2.1018,1.0000,168320,,278790,975,4241,0,0
2026-01-26 15:48:17,1320,0.8128,0.8664,,5.186637859395901e-06,2.3112,1.0000,168960,,279420,977,4249,0,0
2026-01-26 15:51:39,1325,0.8159,0.8823,,5.023872041633232e-06,2.2398,1.0000,169600,,280046,982,4258,0,0
2026-01-26 15:55:06,1330,0.819,0.8895,,4.863415343589087e-06,2.1002,1.0000,170240,,280673,985,4268,0,0
2026-01-26 15:58:31,1335,0.822,0.8726,,4.705286313088472e-06,2.2043,1.0000,170880,,281304,987,4275,0,0
2026-01-26 16:01:53,1340,0.8251,0.8774,,4.549503228892063e-06,2.3612,1.0000,171520,,281930,989,4287,0,0
2026-01-26 16:05:13,1345,0.8282,0.8993,,4.396084098583342e-06,2.3270,1.0000,172160,,282557,992,4297,0,0
2026-01-26 16:08:41,1350,0.8313,0.8957,,4.245046656486973e-06,2.4531,1.0000,172800,,283186,994,4306,0,0
2026-01-26 16:12:10,1355,0.8344,0.8827,,4.096408361618859e-06,2.2212,1.0000,173440,,283816,995,4315,0,0
2026-01-26 16:15:30,1360,0.8374,0.8785,,3.950186395667993e-06,2.1799,1.0000,174080,,284445,1000,4321,0,0
2026-01-26 16:18:53,1365,0.8405,0.8629,,3.806397661010322e-06,2.1736,1.0000,174720,,285077,1004,4325,0,0
2026-01-26 16:22:18,1370,0.8436,0.8906,,3.6650587787549597e-06,2.0988,1.0000,175360,,285706,1004,4336,0,0
2026-01-26 16:25:46,1375,0.8467,0.8605,,3.5261860868228886e-06,2.3164,1.0000,176000,,286336,1005,4345,0,0
2026-01-26 16:29:05,1380,0.8498,0.908,,3.389795638058374e-06,2.2611,1.0000,176640,,286965,1007,4354,0,0
2026-01-26 16:32:28,1385,0.8528,0.8644,,3.2559031983733835e-06,2.1654,1.0000,177280,,287592,1011,4363,0,0
2026-01-26 16:35:53,1390,0.8559,0.8747,,3.1245242449251143e-06,2.3162,1.0000,177920,,288223,1011,4372,0,0
2026-01-26 16:39:14,1395,0.859,0.8776,,2.9956739643269394e-06,2.3141,1.0000,178560,,288847,1014,4385,0,0
2026-01-26 16:42:47,1400,0.8621,0.8708,,2.869367250892918e-06,2.3041,1.0000,179200,,289474,1017,4395,0,0
2026-01-26 16:46:00,1405,0.8651,0.8675,,2.7456187049161306e-06,2.3215,1.0000,179840,,290102,1020,4404,0,0
2026-01-26 16:49:25,1410,0.8682,0.8911,,2.6244426309809388e-06,2.2424,1.0000,180480,,290732,1022,4412,0,0
2026-01-26 16:52:55,1415,0.8713,0.8841,,2.505853036309472e-06,2.3397,1.0000,181120,,291352,1027,4427,0,0
2026-01-26 16:56:12,1420,0.8744,0.8731,,2.389863629142497e-06,2.4373,1.0000,181760,,291981,1028,4437,0,0
2026-01-26 16:59:38,1425,0.8775,0.8697,,2.2764878171548015e-06,2.1238,1.0000,182400,,292606,1030,4450,0,0
2026-01-26 17:03:03,1430,0.8805,0.8869,,2.165738705905357e-06,2.2800,1.0000,183040,,293234,1032,4460,0,0
2026-01-26 17:06:24,1435,0.8836,0.8678,,2.0576290973224083e-06,2.1204,1.0000,183680,,293861,1034,4471,0,0
2026-01-26 17:09:45,1440,0.8867,0.8887,,1.952171488223625e-06,2.3305,1.0000,184320,,294496,1034,4476,0,0
2026-01-26 17:13:12,1445,0.8898,0.8797,,1.8493780688715601e-06,2.2134,1.0000,184960,,295125,1036,4485,0,0
2026-01-26 17:16:34,1450,0.8929,0.8798,,1.7492607215645357e-06,2.2166,1.0000,185600,,295752,1037,4497,0,0
2026-01-26 17:19:51,1455,0.8959,0.8925,,1.6518310192630975e-06,2.2443,1.0000,186240,,296383,1038,4505,0,0
2026-01-26 17:23:16,1460,0.899,0.8537,,1.557100224252267e-06,2.0729,1.0000,186880,,297009,1038,4519,0,0
2026-01-26 17:26:39,1465,0.9021,0.8686,,1.465079286839699e-06,2.1907,1.0000,187520,,297635,1040,4531,0,0
2026-01-26 17:30:13,1470,0.9052,0.8647,,1.3757788440898644e-06,2.1338,1.0000,188160,,298255,1045,4546,0,0
2026-01-26 17:33:32,1475,0.9083,0.876,,1.2892092185944893e-06,2.1807,1.0000,188800,,298884,1047,4555,0,0
2026-01-26 17:36:50,1480,0.9113,0.8915,,1.2053804172793309e-06,2.3311,1.0000,189440,,299519,1048,4559,0,0
2026-01-26 17:40:14,1485,0.9144,0.8771,,1.1243021302474178e-06,2.2419,1.0000,190080,,300144,1050,4572,0,0
2026-01-26 17:43:34,1490,0.9175,0.8868,,1.045983729658942e-06,2.0651,1.0000,190720,,300773,1054,4579,0,0
2026-01-26 17:46:58,1495,0.9206,0.8878,,9.704342686479072e-07,2.1953,1.0000,191360,,301407,1055,4584,0,0
2026-01-26 17:50:15,1500,0.9236,0.8504,,8.976624802756128e-07,2.2784,1.0000,192000,,302037,1059,4590,0,0
2026-01-26 18:26:35,1500,0.9236,,0.8681297302246094,,,,192000,,324729,1142,4925,0,0
2026-01-26 18:30:22,1505,0.9267,0.8717,,8.276767765211996e-07,2.0263,1.0000,192640,,325353,1145,4938,0,0
2026-01-26 18:33:50,1510,0.9298,0.8808,,7.604852473092366e-07,2.0896,1.0000,193280,,325981,1147,4948,0,0
2026-01-26 18:37:08,1515,0.9329,0.8908,,6.960956595746055e-07,2.2017,1.0000,193920,,326615,1149,4952,0,0
2026-01-26 18:40:32,1520,0.936,0.8605,,6.345154563646844e-07,2.2270,1.0000,194560,,327241,1152,4963,0,0
2026-01-26 18:43:48,1525,0.939,0.8672,,5.757517559789594e-07,2.2886,1.0000,195200,,327873,1153,4970,0,0
2026-01-26 18:47:09,1530,0.9421,0.8682,,5.198113511462099e-07,2.2895,1.0000,195840,,328503,1154,4979,0,0
2026-01-26 18:50:33,1535,0.9452,0.8611,,4.667007082393121e-07,2.3049,1.0000,196480,,329130,1156,4990,0,0
2026-01-26 18:53:55,1540,0.9483,0.8854,,4.164259665277448e-07,2.1933,1.0000,197120,,329760,1158,4998,0,0
2026-01-26 18:57:22,1545,0.9514,0.8812,,3.6899293746794905e-07,2.1329,1.0000,197760,,330389,1158,5009,0,0
2026-01-26 19:00:45,1550,0.9544,0.8839,,3.2440710403154606e-07,2.3082,1.0000,198400,,331017,1160,5019,0,0
2026-01-26 19:04:08,1555,0.9575,0.8716,,2.826736200715413e-07,2.2866,1.0000,199040,,331646,1161,5029,0,0
2026-01-26 19:07:24,1560,0.9606,0.8735,,2.437973097265761e-07,2.4841,1.0000,199680,,332277,1162,5037,0,0
2026-01-26 19:10:44,1565,0.9637,0.8674,,2.0778266686327653e-07,2.2261,1.0000,200320,,332904,1163,5049,0,0
2026-01-26 19:14:07,1570,0.9667,0.8707,,1.7463385455679936e-07,2.1977,1.0000,200960,,333528,1166,5062,0,0
2026-01-26 19:17:26,1575,0.9698,0.8839,,1.4435470460959776e-07,2.2122,1.0000,201600,,334160,1170,5066,0,0
2026-01-26 19:20:46,1580,0.9729,0.8665,,1.1694871710849486e-07,2.2026,1.0000,202240,,334790,1172,5074,0,0
2026-01-26 19:24:02,1585,0.976,0.8439,,9.241906002008804e-08,2.2959,1.0000,202880,,335418,1174,5084,0,0
2026-01-26 19:27:29,1590,0.9791,0.8908,,7.076856882455573e-08,2.2513,1.0000,203520,,336046,1177,5093,0,0
2026-01-26 19:30:52,1595,0.9821,0.8471,,5.199974618789183e-08,2.1318,1.0000,204160,,336676,1177,5103,0,0
2026-01-26 19:34:17,1600,0.9852,0.8885,,3.611476167261207e-08,2.2930,1.0000,204800,,337308,1177,5111,0,0
2026-01-26 19:37:44,1605,0.9883,0.8754,,2.311545148697136e-08,2.1765,1.0000,205440,,337935,1178,5123,0,0
2026-01-26 19:41:11,1610,0.9914,0.8749,,1.3003318272694632e-08,2.2044,1.0000,206080,,338562,1182,5132,0,0
2026-01-26 19:44:31,1615,0.9945,0.8852,,5.779530931299126e-09,2.1865,1.0000,206720,,339193,1184,5139,0,0
2026-01-26 19:47:51,1620,0.9975,0.8644,,1.4449244889608305e-09,2.3127,1.0000,207360,,339827,1186,5143,0,0
2026-01-26 19:50:37,1624,1.0,,,,,,207872,2.624,340190,1186,5149,0,0
